id,state,motive,type,amount
c2b9bf74-a75a-4fe0-9bf7-2498eb5faf8c,pending,investment,Bill Pay Transfer,51.93
1a5958e1-c244-4987-a3da-f8da89313eea,pending,other,Bank Draft,10787.53
8641ca7d-ee48-4c0c-af1b-40e51810f53a,pending,personal expense,Direct Deposit,11161.41
bc3f82e2-4912-4c63-ac22-595fd64081f4,completed,personal expense,Third-party app Transfer,5636.55
07ef6608-cd96-4203-a728-e32a922b3a7b,pending,investment,Internal Transfer,42.0
a5a8e55d-f3fb-47a1-9d90-e4d0221828a7,completed,personal expense,Bank Draft,10312.13
d6e67d17-72cc-46a9-a8ad-a4dab78e54dd,failed,payment,Automated Clearing House (ACH) Transfer,38923.81
0a84c808-f607-4213-9bf2-17b4f60a6784,completed,other,Third-party app Transfer,37429.73
35e2e0f7-5068-4745-9bd4-9efb75cbb042,completed,other,Third-party app Transfer,31.74
237169c5-ee5a-4186-bd3b-88e8740b818d,pending,personal expense,Third-party app Transfer,64.66
a800a741-b0c7-4387-bbb1-1cd2cc76c0d2,failed,investment,Automated Clearing House (ACH) Transfer,3988.96
7886a3fa-e3e0-4244-b367-bc9d76d48df1,completed,investment,Money Order,1651.06
337f8a83-6a0b-496b-94bb-6008701c1d4b,pending,other,Bank Draft,17.49
7b0a06b3-6080-4a56-93e6-c9ca1a66b603,pending,other,Automated Clearing House (ACH) Transfer,28.92
43712ee1-e1c6-4f23-8a6d-6848a8b439ef,completed,other,Money Order,6967.9
0b3d08f2-d77c-4eff-8912-c36ffc91d878,failed,investment,Bill Pay Transfer,368.53
dbf33d41-ebad-4b16-a34b-664d8b438933,failed,payment,Automated Clearing House (ACH) Transfer,357.97
4fc12578-30e4-4085-8fae-8b8fc702d141,failed,payment,Third-party app Transfer,1260.03
ac73fc26-1dd4-467e-b0f5-ca579f2be1ee,completed,personal expense,Person-to-Person (P2P) Transfer,1234.04
af310217-d92b-465e-9a7a-899311be513d,failed,other,Person-to-Person (P2P) Transfer,2103.48
a81d708c-8787-4885-8fd0-126264eb34e8,pending,personal expense,Money Order,30828.24
78de5a37-cc15-470c-a8bd-14017d909ec8,completed,payment,Person-to-Person (P2P) Transfer,15647.89
65964629-6722-4843-a950-7e9d5d5a6e2d,completed,payment,International Wire Transfer,4168.1
196b8185-ca45-458d-bcc7-86b18265e2b5,failed,personal expense,Bill Pay Transfer,414.09
2c946d13-36c3-413f-8e4f-e345a8501a4d,failed,other,Direct Deposit,6632.56
c6b373b2-2134-4a8c-89da-d298124d729e,failed,investment,Person-to-Person (P2P) Transfer,91.22
434418e3-91ed-4013-a5d8-de52062b833e,completed,personal expense,Internal Transfer,1045.24
ad55c2d6-5cb8-4d06-997f-aacaec3a944a,pending,personal expense,Bank Draft,43.67
5dfd9a08-8a4d-4c8c-ac2c-db0cd3dbadfc,failed,investment,Person-to-Person (P2P) Transfer,118.06
aa770cec-a4a9-42b6-9627-e0c8fb99a36a,completed,personal expense,External Transfer,124.09
90c198d1-04b4-4973-bd50-f0d0e55eadd8,completed,personal expense,International Wire Transfer,14.56
6bd1060a-44e2-44a3-8a29-2a98421a7a41,failed,other,Money Order,79.1
3e81193a-63bf-488a-ba04-668540d5f92e,pending,payment,Internal Transfer,43.59
a3352194-cf4c-48f9-953c-e52b40935e51,failed,other,Person-to-Person (P2P) Transfer,7188.53
c39b412f-1a02-4024-a01f-f998332b320a,pending,payment,External Transfer,7148.98
f29bc355-c3ec-4cc7-a515-e19dfa0a9ee8,completed,payment,Internal Transfer,466.45
52dd5c34-fe42-4bca-b201-e7e14e67e8c6,failed,other,Bill Pay Transfer,5511.27
7758dce0-2415-48ad-8fc5-dc02ba05bd38,pending,personal expense,Bill Pay Transfer,27.97
a07ae262-b6b9-4725-9d8a-b855c737bc29,failed,investment,Money Order,92.01
ef084016-00a5-4404-bb62-af50ca7272b6,completed,investment,Bank Draft,529.69
80019ebe-c839-4618-9c02-e91e37a84b02,completed,payment,Person-to-Person (P2P) Transfer,4178.54
17acbdeb-7a0b-4699-90f0-5f858b2134b2,completed,personal expense,Direct Deposit,10198.31
6989c839-535e-4d5f-a2e1-8cd76d1b19a3,pending,investment,Bank Draft,1006.6
bfcb5cf8-f664-4156-8381-ec6ef8722cf7,pending,investment,Automated Clearing House (ACH) Transfer,3563.71
d3d0a24a-0f6c-4403-9b28-e27042ac813b,failed,personal expense,External Transfer,8901.75
37dfab36-69b5-4804-b2a8-e67831baffc6,failed,investment,International Wire Transfer,25244.56
56e872b6-6604-4d8a-a785-3ebb7b68c4dd,pending,payment,Third-party app Transfer,28186.74
7db7e0da-73ad-4da9-a265-3ae2d5223dfd,pending,investment,Person-to-Person (P2P) Transfer,2810.79
e718078c-85bd-4a88-a0a1-8123d68f2fdc,completed,personal expense,International Wire Transfer,5316.47
4a8e8661-31ea-4a37-b901-885ada7202e1,failed,payment,Automated Clearing House (ACH) Transfer,4386.47
e1b06e50-bcda-41bf-9613-b1097d776962,pending,investment,Bill Pay Transfer,11310.18
13368c3f-6b40-4b1b-82c9-f31292836d84,pending,investment,Automated Clearing House (ACH) Transfer,19.2
67ed69ca-8535-42fa-b790-80d39f9f944b,pending,investment,Bill Pay Transfer,22.65
319492ce-42d4-48be-9e67-48f9622bf7a0,completed,personal expense,Bill Pay Transfer,3725.69
22efb907-263f-49aa-87f2-5adb4a214806,failed,payment,Internal Transfer,3417.5
8e0896ba-0ccd-4da1-baf0-e3a1982c308a,failed,personal expense,Internal Transfer,1080.12
6039a5da-c633-4831-8954-f95120dfdb87,pending,other,External Transfer,445.21
219e0ea7-6a17-4237-910e-720196711bef,pending,personal expense,International Wire Transfer,1246.56
d67c69df-c536-4e95-919a-aaf092178d0a,completed,payment,Bill Pay Transfer,920.53
2f329156-ca23-46f3-aa34-f21046dd4cf5,completed,investment,Bank Draft,8.96
59035900-a56f-40f5-8e07-07f39eb31f64,pending,other,Person-to-Person (P2P) Transfer,3.21
7b86fbe8-990c-4b2b-8f96-71f973d6a727,failed,investment,Third-party app Transfer,391.05
47b62631-4141-4b18-b97e-e09dc14705cf,failed,investment,Third-party app Transfer,428.25
03652fd9-7297-49f7-b534-90ffc950da54,pending,investment,Automated Clearing House (ACH) Transfer,249.06
60b79da3-8e36-418d-940f-03caf67c9352,pending,investment,External Transfer,848.12
1b9eec6a-795a-4c3b-a7f0-6e8d180da112,failed,investment,Direct Deposit,428.16
f4994a59-5281-44cb-8eae-fb3124026707,completed,investment,Direct Deposit,1665.27
c85c7d86-f50f-4e38-a6ae-47c0b41eb316,pending,other,Automated Clearing House (ACH) Transfer,5978.63
cfc00189-638b-46df-aa20-c5599e3599a7,pending,payment,Automated Clearing House (ACH) Transfer,7089.73
f66efde0-0bf6-49f8-99e2-3e9a452ea3e8,pending,investment,Third-party app Transfer,7789.2
c3537326-2b16-40f2-9495-ff2db3583948,completed,personal expense,External Transfer,18933.21
909ecb45-00f1-412f-93a7-a8efe0e7d612,pending,payment,Internal Transfer,5571.88
1ff9b100-2fbe-4c40-b4f0-8c881bd0a3f3,failed,personal expense,Person-to-Person (P2P) Transfer,4948.55
06fa7a9f-03f1-47eb-83de-56cb5f150b7c,pending,personal expense,Automated Clearing House (ACH) Transfer,891.55
4471f8e4-4194-42fb-8b4c-8a7fd6001ac3,completed,other,Internal Transfer,5532.14
fed27e89-7f7c-45e2-b8a3-f152d2848946,completed,investment,Direct Deposit,629.48
10e31d84-9b54-4d57-a372-cdb4d6f5bb87,failed,other,Person-to-Person (P2P) Transfer,176.48
2c657907-e2c3-437b-9e92-0505c8452ed0,completed,other,Automated Clearing House (ACH) Transfer,838.1
bae40a09-feb1-478c-b867-4745dca68897,failed,investment,Bill Pay Transfer,1974.04
bda486d0-e788-4793-ba34-bf6de5166d53,pending,payment,Automated Clearing House (ACH) Transfer,4179.3
4bd6335d-370d-4fe6-afa4-33a21a309c1a,completed,investment,Third-party app Transfer,41.43
2df5bee0-7695-4ee7-b794-ed1106a32029,failed,personal expense,Bank Draft,100.97
eff225db-57d7-4701-ab25-737a96600310,pending,investment,Direct Deposit,94.08
236199d9-2873-41d0-ad15-da53916c320c,completed,personal expense,Direct Deposit,43119.24
e7ad81f5-7697-42a4-9d7b-075adc019c64,completed,personal expense,Automated Clearing House (ACH) Transfer,451.32
4a09e72b-ce11-47dd-bafc-d97355d35a26,failed,other,Internal Transfer,725.08
82ebf0d7-b2c5-4903-aa6b-d71380f9bd61,failed,personal expense,Automated Clearing House (ACH) Transfer,490.17
3305c55a-5f05-4fee-9fb7-55b254d1313a,completed,other,Bank Draft,1812.54
cf822c95-749f-4d90-8a97-f3303c063559,pending,personal expense,External Transfer,11724.58
447ebd9e-1308-4490-b3f2-81cda472c000,failed,payment,Internal Transfer,2126.13
38849359-f4a6-4bec-8a36-4cdc4a120340,pending,personal expense,Bill Pay Transfer,950.96
b83b1ab5-05e4-4385-a1fa-25af574071e8,completed,investment,Person-to-Person (P2P) Transfer,5610.98
4284058b-d501-4449-92da-13a67d524b3e,pending,investment,Third-party app Transfer,705.4
47ef38ed-6187-4af8-b786-0d814d478431,pending,personal expense,Automated Clearing House (ACH) Transfer,20106.37
011322ee-48c9-4b57-92e3-489b4e142568,pending,other,Bank Draft,14194.08
c7c8bc45-ac64-418b-a853-8c2ad63fc5cc,completed,investment,Internal Transfer,11779.76
85aaea57-79dc-4b54-b2ed-29d5f4b9e702,failed,other,Person-to-Person (P2P) Transfer,6814.56
82bcf1ce-3425-4120-b9c2-d7d1e51ea060,pending,payment,Direct Deposit,2358.99
350f98ba-a415-4880-aabb-f5a400d14d72,failed,investment,International Wire Transfer,9884.04
818dfc3e-9a15-4290-aaae-84be50099754,failed,investment,International Wire Transfer,8271.79
6038a856-5427-4adb-84a1-4ea08726f9f8,pending,personal expense,Person-to-Person (P2P) Transfer,7418.57
249c0b8f-ba65-44d1-a639-1029dafb0e7e,completed,personal expense,International Wire Transfer,87.36
8a9ac9aa-34d7-4c71-b146-0e2607a0703d,pending,other,International Wire Transfer,652.14
1230ea88-7ffd-4484-b891-a321f393243c,failed,other,Money Order,1536.15
4ce6f279-f724-4cbd-b719-d82347d38d75,failed,investment,External Transfer,2709.43
6d70371d-c8ee-40c5-bc43-9041eb7630e5,completed,other,Person-to-Person (P2P) Transfer,9441.91
4bae7402-6950-49da-9e18-7785f256372a,completed,other,Third-party app Transfer,27.53
524ba7b3-e8a1-41a7-b55e-0355ec7ddf81,failed,investment,International Wire Transfer,304.57
81c1c831-8201-46db-85f0-14703797cda6,failed,investment,International Wire Transfer,37.58
5f172b92-6a45-4e14-b64f-9a74fef60979,completed,other,Internal Transfer,19595.94
af504aee-7568-41db-86e5-30806e2d048e,failed,payment,Internal Transfer,1994.33
ad352e18-949f-43b0-873b-27c021cf64a0,failed,investment,Money Order,1772.18
70ae723a-dc8d-476d-8f5b-207f67f7d915,failed,payment,Direct Deposit,5452.75
6dce9b44-b9bc-41a3-b0f6-54437f68cd99,pending,personal expense,Bank Draft,22270.45
f5ae79e7-fea8-42e1-a939-037c6a9f97a3,failed,personal expense,Bill Pay Transfer,535.27
e060ed79-6fe2-43c0-be04-b9f186b002b9,pending,personal expense,Third-party app Transfer,3167.73
999571e2-57b9-4aa1-aadf-98618233fd61,completed,personal expense,Bill Pay Transfer,798.27
024c726e-400b-4717-a2b3-4cd0fd9756b8,completed,other,International Wire Transfer,10111.0
1c0d8f79-d1df-4da9-8cf2-f2fc418563c4,pending,personal expense,Bill Pay Transfer,5112.94
25efca0c-db2a-4ccf-9215-9dfa6e748048,failed,investment,External Transfer,1221.65
bea729b8-77bf-461d-ac62-5358eb21fd15,pending,investment,Third-party app Transfer,2636.91
69f245d9-48a1-4fc2-a0a6-b09c749153f4,failed,other,Automated Clearing House (ACH) Transfer,14185.48
f4973da1-6a67-4296-a3d4-6cae6585aae7,completed,other,External Transfer,9445.96
c0f48308-25a0-4daf-8bd3-3c4fa530b292,pending,personal expense,Person-to-Person (P2P) Transfer,8381.33
4c45e57f-47fb-457c-9e22-8bd5cc1791a4,failed,investment,International Wire Transfer,16449.33
2348a9e0-8df5-4834-9359-ba2573a015ee,failed,other,Bank Draft,1989.97
5f749f4d-87e5-436a-a7ea-0c1c14e36104,completed,personal expense,External Transfer,161.33
2b2b12bb-dc1d-4cba-b7da-b985eded77a0,pending,payment,Person-to-Person (P2P) Transfer,44.07
d96782ff-3fc2-4f97-a764-704f8dd19441,pending,other,Automated Clearing House (ACH) Transfer,7037.23
3731a6de-f9c6-46d5-b77c-6eb7e9d0f15a,pending,personal expense,Bill Pay Transfer,30260.45
9b2e2d85-baa9-4b6a-a22e-e3f9bd0b061f,failed,payment,External Transfer,30153.98
5bea3738-6818-45da-a0af-6705df8d8eaa,completed,other,Person-to-Person (P2P) Transfer,10227.83
d0b581df-5a5f-4d87-8d8e-11a9f66b216f,pending,payment,Bill Pay Transfer,2905.13
1b431fca-9a7a-4154-9892-5990c2bb35ed,pending,personal expense,Money Order,4529.19
5104cf72-f0ad-492f-b1f5-a8757854d5d7,completed,investment,Money Order,61.85
614f4c15-c80f-428d-991b-5dda4b767656,completed,investment,Internal Transfer,39.07
59f38b29-f42b-44dd-9c8c-e9d7904dd6bb,pending,other,Third-party app Transfer,44.04
ea2be428-b08b-4f79-b795-0240f84033f1,failed,payment,Direct Deposit,4778.26
a5f1a53b-dfd2-4617-bf2c-5576d16921af,failed,investment,Bill Pay Transfer,64.21
b4224d65-bcc7-4eb2-bad4-e99bdba23222,completed,personal expense,Direct Deposit,34.47
28ea3255-206f-4446-acd2-cc8b8febd415,failed,payment,Bank Draft,249.01
651da166-8b27-4fc7-a271-a4a0759f50c4,completed,payment,External Transfer,465.39
c286a8ec-ee03-4d8d-875d-bb2a366e11ed,pending,payment,Bill Pay Transfer,296.02
f2128805-3063-4102-9710-bc54b8e796e4,pending,payment,Money Order,3436.45
6126a0ea-cc9a-42d2-9e54-7135376b0b93,failed,payment,Automated Clearing House (ACH) Transfer,1867.09
88d75f0d-2399-4124-a888-a26df86b46ca,completed,investment,Direct Deposit,199.78
ea841b27-da68-4722-941d-6c4f6861418a,failed,investment,Money Order,28.48
b8f27a6e-2107-4254-aefa-2d356b266252,pending,other,Money Order,16.09
0d432a9a-6f4b-4cb0-a8b8-5a5ee204d9b0,completed,personal expense,Automated Clearing House (ACH) Transfer,9511.47
517b20a4-2e77-4698-b7cb-2fae9e6dc56c,completed,payment,Direct Deposit,21918.67
51f52158-c1b8-4e60-a6f7-89a09bca30b6,pending,personal expense,Person-to-Person (P2P) Transfer,5677.05
59398764-bf10-4cf4-bf8e-01f8a3725bd2,completed,personal expense,International Wire Transfer,82.03
a6ef9137-fa14-4f3f-96a9-9e1a8dd55ae0,failed,investment,Money Order,8.73
3f133af1-29b0-4b70-8308-baa660efa135,completed,personal expense,International Wire Transfer,56.35
ca18f9ff-46ae-4624-822a-bccd301301fe,completed,personal expense,International Wire Transfer,1.67
52ba759a-c85b-47f3-a52f-94619e419ae5,completed,investment,Bill Pay Transfer,0.29
775c0015-8c53-424e-ad3d-b5b1a681a412,completed,other,Bill Pay Transfer,16185.74
997343b5-03d2-469c-b295-2cd5cf444da2,completed,other,Money Order,649.06
aeb5134d-65d9-400c-bec1-20b72a1c78d4,completed,investment,Bank Draft,11.27
7f7ff066-e04a-4816-ad34-0b8d15b46a2b,failed,personal expense,Bank Draft,8929.68
642f68fd-a0c3-4782-89b2-b1cb15ebb14f,completed,payment,Bank Draft,1134.26
0e56d613-310d-451e-940d-0085ea88757a,failed,investment,Bill Pay Transfer,5643.39
e95b0593-d7be-427a-a7da-651f5bfea73a,pending,investment,Automated Clearing House (ACH) Transfer,2609.11
a94c19b0-3109-4072-81b8-599606dbe04e,pending,payment,Direct Deposit,1211.85
879c49cc-552d-4c15-bb2b-6d81d006b3ed,pending,personal expense,Money Order,5470.17
cf56a8b5-d3dc-448f-ac4e-2ff8884659ad,failed,investment,Internal Transfer,240.95
f680da23-7523-42ed-a3df-c27136097497,pending,investment,Automated Clearing House (ACH) Transfer,388.88
9dc8655b-7762-4bef-8fee-9cfd6758471f,pending,payment,Bank Draft,258.39
4394aa4b-a989-41c3-9ffb-2ea36d3975f9,completed,investment,Third-party app Transfer,247.73
7712dfaa-89f9-481d-8908-8728091a2874,pending,personal expense,Bill Pay Transfer,33.42
005ae8b9-ccaa-4cf6-b1a5-15e7d0df50ab,failed,payment,Money Order,463.69
8de809a5-f01f-42d3-a293-3145390839b1,pending,personal expense,Direct Deposit,5459.84
f408d3b0-72cd-4e36-91f7-65ea8b093836,pending,payment,Automated Clearing House (ACH) Transfer,3682.82
1f1cd462-c1fc-48a1-a593-3e7214ce53d4,failed,payment,Bill Pay Transfer,735.23
2da442c1-37e5-4168-8929-453993591c75,completed,payment,International Wire Transfer,1099.59
9bceeaf6-86b2-4492-b09b-529bc7b7e748,failed,personal expense,International Wire Transfer,261.33
772c3307-4a0a-40e0-8312-1edce56e6765,failed,payment,Internal Transfer,248.58
06e36a70-8939-4440-ba7e-a9a59db739d2,failed,payment,Bill Pay Transfer,457.55
31ee9181-9d09-401b-a860-9d43d095f183,pending,payment,Person-to-Person (P2P) Transfer,180.77
bbfefbe3-298a-4d2e-91f4-0e7bcc916270,failed,personal expense,External Transfer,246.1
f2b2f886-3fab-45a7-ac3b-196f8cc67778,failed,other,Money Order,1835.78
f7723f60-2d2f-4a20-85e8-4d14f38d76d9,completed,payment,International Wire Transfer,53.55
bf7515bf-1ba6-4010-b247-bf7590788268,completed,investment,Bank Draft,152.08
b0f6c150-d992-4e99-bf58-59e1a626da5c,completed,other,Person-to-Person (P2P) Transfer,4000.58
b1296147-fbfe-40b1-a4ec-62c95bac5521,failed,other,Internal Transfer,8723.29
85b13f99-d5d9-4acb-871c-44bf5d9966d2,failed,payment,Direct Deposit,19726.38
826d1db2-0791-42e8-abe6-58bf379b43d4,failed,investment,External Transfer,2375.25
6d5fa2c3-e40a-4044-9abb-3101061c1944,completed,personal expense,Bill Pay Transfer,1705.11
d94dd7e8-d2fb-4228-a319-03fcebb2ef7f,failed,other,International Wire Transfer,6434.25
8e597f06-bc82-4702-a82d-0e98caf69945,failed,payment,Third-party app Transfer,7537.99
7ee4c3a7-483c-4275-b353-ed8c60287971,pending,payment,Internal Transfer,12998.53
17f5d260-4a40-4205-ada2-8bac6530b32c,failed,investment,Person-to-Person (P2P) Transfer,11137.07
47d4379a-00a6-42d1-aaf1-31745733e93d,failed,other,International Wire Transfer,59.18
2cde2497-bf4f-4c10-a55a-353259a7be13,pending,investment,Direct Deposit,2296.23
b510d18f-f2ad-409b-9287-7e86fad9708e,completed,payment,Person-to-Person (P2P) Transfer,7121.84
08a8d1f5-3b7b-49cf-a801-ba38c3df7815,failed,investment,Third-party app Transfer,3064.18
23f9c96e-e4e5-4fed-86fd-6b3ccc28a78e,failed,personal expense,Third-party app Transfer,1504.29
4b0771aa-5913-4ce1-9919-2a4687e1d86b,pending,personal expense,Third-party app Transfer,3603.52
3435036f-dfc5-4acf-9c4c-67fd15eb6d06,failed,other,Automated Clearing House (ACH) Transfer,6915.05
d31e49f7-79fe-4d22-af86-9f349246d0f3,pending,personal expense,Direct Deposit,3134.32
9920dfa9-5c8d-49f7-b458-fb4c393d2143,pending,investment,Third-party app Transfer,375.09
6df6c864-6067-4d33-9d0f-726c9c0acde8,completed,investment,Money Order,2676.38
6948838b-be71-4520-b4ba-b5e57c778ed3,pending,other,Money Order,1297.06
b0ec16af-047b-4593-b6b6-a1f5cc8f4cd1,completed,other,International Wire Transfer,3806.84
080b4ae3-0ee6-4f2a-97e1-4d4c61353df5,completed,investment,Person-to-Person (P2P) Transfer,7560.04
396fb511-93cb-46c9-987b-6c1202ab114a,failed,investment,Bank Draft,705.09
ed316ead-fe38-4c2a-bafb-95f2fadda75a,failed,payment,Automated Clearing House (ACH) Transfer,15236.07
7e1ddd32-9afc-4583-afee-e013fb3161af,completed,investment,Internal Transfer,26699.77
bf9149e3-3846-46df-a530-386f06e93556,pending,payment,Third-party app Transfer,19.65
64bef9cc-2d40-4b92-8117-e9455fcf8010,failed,investment,International Wire Transfer,34.67
fd6bfac6-7ba9-47d4-a16a-a904a8fa904b,completed,payment,Money Order,30.81
ba1fb332-dc6b-4382-a4e3-002d35e161aa,completed,personal expense,Money Order,13429.57
fc1f9fa3-a685-4edd-bd8e-946747c58dfe,failed,payment,Automated Clearing House (ACH) Transfer,11425.73
959840a1-9132-4060-ad5c-d854838462e9,completed,other,Money Order,6471.0
f546698c-60c8-4a50-8eed-5e52b162c422,pending,investment,International Wire Transfer,524.33
ea22c71c-c943-4308-bbd8-7e7af29b95c9,completed,investment,Internal Transfer,4852.54
792e2736-d0e1-45c2-8b8b-4e02f0945ae6,pending,personal expense,Person-to-Person (P2P) Transfer,5323.89
5c3af091-7178-4003-bdc6-2fd3db942279,failed,investment,Internal Transfer,1353.44
2819e96b-a882-447e-8828-f2e07954ad08,failed,investment,Bill Pay Transfer,1638.88
bb448635-e607-478d-be4c-3094e89dcc5d,pending,personal expense,Money Order,1593.1
7cc842b1-6177-461e-930a-f3d3c3df933b,completed,other,Bank Draft,2791.06
7f5065a3-e7cb-421c-8278-a36b45c57040,completed,payment,Automated Clearing House (ACH) Transfer,557.62
32cd6b04-6863-4eed-9bbe-f257afb857a1,failed,other,Internal Transfer,2945.71
c1792351-b30a-426e-86ed-d259ae3b1512,completed,payment,International Wire Transfer,2.61
aa3760f4-e70e-4434-95de-a891f0a378c1,failed,other,Person-to-Person (P2P) Transfer,1.2
cc781561-591a-474f-9d98-78d1ebf99fb2,failed,other,Bank Draft,1.12
9cc1dd1d-0aec-4e6e-ac8d-421121b11d57,pending,payment,External Transfer,4449.45
1b6009d4-4e01-4845-b5d9-dc4a869d3e3f,completed,investment,Third-party app Transfer,284.04
f3f4c2d3-dc48-42f5-8209-1f394909b078,pending,payment,Bill Pay Transfer,2806.66
0aa853ae-5008-42a8-8d2c-fb850b0870ed,pending,investment,Automated Clearing House (ACH) Transfer,41943.9
703505ec-a9c7-4bf7-9272-aa1db276ea7a,completed,other,Third-party app Transfer,12625.56
96c09e95-4ce7-4b20-9870-fadb9b0a0ec3,failed,investment,Direct Deposit,2121.44
241b1034-c4c9-4e3e-b5a1-0ee1f00274a8,pending,investment,External Transfer,2367.99
e1e92bc7-0c66-4939-97b6-b70482e2c917,completed,other,External Transfer,78.9
2b435c2b-11b5-4c82-a3fa-5144204da525,completed,payment,Direct Deposit,228.65
cd9c7647-6944-4b52-87b5-52f583c61b2c,completed,personal expense,Direct Deposit,2.22
e621a214-a2a0-4677-a565-804dc161a2ad,completed,investment,Direct Deposit,1.93
2baaa8a6-ab7b-4f39-a126-aa009af24e60,failed,payment,Bank Draft,35.3
0d9031ce-3f8e-4e5d-bf8e-81103750b505,completed,other,External Transfer,1048.57
8b46589b-a5af-4b30-b3a3-4f69548bfeb4,pending,investment,External Transfer,2353.53
12211070-6e21-4418-8cf6-726322ae527d,pending,personal expense,Money Order,2042.83
e1aac212-8e9d-4233-baed-d6e3d264bf19,completed,personal expense,International Wire Transfer,1492.72
86ea7791-9d08-4861-8363-0baa5faa711b,failed,investment,Bank Draft,8719.97
918457cd-d2a4-4a36-8ee2-0af8e543cd47,pending,other,Automated Clearing House (ACH) Transfer,229.99
8b394fd6-fa9d-4cef-b11d-ce61ab5cde90,completed,other,Money Order,137.16
a0e8327d-2ce3-449f-a6f7-aaee22e3b768,failed,personal expense,Direct Deposit,227.32
41cdd7f9-4ad3-4f06-9a8f-b5c2b54d9ddd,failed,other,Direct Deposit,1719.21
e2206871-25f2-43f0-b1a8-3419f15eaaa4,failed,personal expense,Bill Pay Transfer,2710.25
625f8cad-1fa8-4285-b78e-38aea21956ef,failed,investment,Automated Clearing House (ACH) Transfer,467.6
b1459f0a-f6c5-41eb-9aef-b8d0356dd9a4,failed,payment,Bank Draft,984.86
6e5e4187-fdaa-4bc3-bb13-616c7dcb808b,completed,personal expense,Internal Transfer,725.82
76a4464b-0579-4df2-8a14-11b8cc84e27e,pending,payment,External Transfer,19.08
44406ca4-39b3-4df4-a026-e93bb967c8b8,completed,investment,Bank Draft,1417.59
a8e44b59-5577-4b03-bbd2-83511adf488b,pending,payment,Automated Clearing House (ACH) Transfer,192.44
2309fda6-7d15-4032-92d9-13129119dd86,failed,payment,Bill Pay Transfer,150.7
fb0ea872-d62c-4a2a-95ec-2c39e89d014f,pending,personal expense,Money Order,18863.7
f0496cc1-926d-4953-b59e-e38f51bdcf0b,pending,investment,External Transfer,680.36
9a99a243-3f8d-4a58-9275-15dcdada42e9,failed,payment,International Wire Transfer,3320.52
fff7ab9b-ec00-42ff-acd6-1df6e610d859,pending,other,Bill Pay Transfer,2635.39
ba7b5028-9ca6-4f26-b5e3-45342671641e,completed,other,Person-to-Person (P2P) Transfer,1579.68
199e253c-c7b7-41ce-9d66-7ff007b658be,pending,payment,Third-party app Transfer,3912.39
feca0eb4-7688-4b97-bcee-345ee68e49d4,pending,payment,Direct Deposit,1379.96
f25c69f6-7ef6-421c-a44b-7a61f18237fa,pending,other,Third-party app Transfer,4364.47
b7e5c1dc-1349-4418-9711-21c9648fac16,failed,payment,Person-to-Person (P2P) Transfer,366.07
259b8726-8cca-4174-a0f8-cefebf96a05c,failed,personal expense,Internal Transfer,10614.64
a193c6cd-90df-4779-9016-334389d1a227,completed,payment,Automated Clearing House (ACH) Transfer,5544.65
881a875d-b209-4227-97ec-694787cba49d,completed,investment,Bank Draft,776.4
f22630de-8797-468c-ba37-4d0592f64b44,completed,other,International Wire Transfer,584.92
eab4b63d-04bf-4ec0-9ed2-09943dfe71e4,failed,payment,External Transfer,844.1
7fb6259f-f325-4074-8796-c73d99c0e031,failed,personal expense,Automated Clearing House (ACH) Transfer,312.43
95486e8d-a64c-43ea-b740-fa46fe4d0543,pending,other,Internal Transfer,808.31
b5fede91-6120-4662-88ff-495877d0946a,completed,personal expense,Person-to-Person (P2P) Transfer,907.54
3b289424-11ad-45e1-b7ba-adc7f61d8c83,failed,personal expense,Internal Transfer,1487.54
b236bfa9-9464-416e-b23b-2dac052eb53c,failed,personal expense,International Wire Transfer,1965.3
7d4ab101-b731-47e1-94a9-f2c191e49fca,failed,other,Person-to-Person (P2P) Transfer,9139.97
b508aa06-9e87-4d50-b2ab-d45f1b8ca8cd,completed,personal expense,Bill Pay Transfer,9646.14
d8d5495f-8226-4f98-8581-138c677e206b,pending,personal expense,Money Order,1273.55
e0992fc3-9c57-423c-b8f4-d173ad4c0649,pending,personal expense,Bill Pay Transfer,18.31
8724273c-3179-491e-9af6-bce7959c7ef6,completed,investment,Bill Pay Transfer,173.48
4dc90f3e-8a6d-40fd-b0b2-db1fb3c8c182,completed,other,Money Order,34.32
5e7d1d8a-1fc7-4769-b29e-dbaecce37919,failed,personal expense,External Transfer,33426.42
dd4f0de4-0e3d-4581-8b7c-47f23951bb87,completed,personal expense,Third-party app Transfer,1533.42
525b0f02-960d-4fff-934a-89962de715a8,completed,other,Direct Deposit,1661.75
5477fb75-cdbb-418d-8b15-1b1111693d4a,completed,personal expense,Person-to-Person (P2P) Transfer,50.85
e44ef8da-0b02-4ee6-b36e-7b023690e07f,failed,investment,Money Order,6.37
6cbdf520-e4e7-4851-958f-c42f18c91a59,failed,other,Internal Transfer,2508.58
92a590ed-772d-48c2-a988-9050aa6994a2,completed,personal expense,External Transfer,5729.75
88fbfef8-32c4-4f70-859c-285a90a69bd7,completed,other,Automated Clearing House (ACH) Transfer,22621.48
bb97f5f9-d855-4eae-9904-c88d3540e7b1,completed,investment,Money Order,334.06
35996f11-aefe-4a43-a48b-b50935db007d,failed,other,International Wire Transfer,7.63
ea979649-d301-4a65-a8d0-4207c50acbf3,completed,other,Automated Clearing House (ACH) Transfer,14922.85
a6fb8bf9-93e8-49b9-a86e-ba66dac03a8e,failed,other,Bank Draft,1871.26
99fb394d-9c79-4e28-b0e3-afcaa10c350f,failed,investment,Automated Clearing House (ACH) Transfer,18721.19
31c184da-4df8-49e5-bcd8-ba88d2c03452,completed,payment,Third-party app Transfer,5.45
edae33e4-83f4-46c9-9e61-548f9a4aaa9e,failed,personal expense,International Wire Transfer,0.95
8f30b6e6-9dcc-4e55-879c-2e915106d230,completed,investment,Money Order,0.96
a0200c51-5ab6-400a-9abc-d9f9ced48ce3,failed,payment,Direct Deposit,11295.08
cce6155c-f5ab-4b62-9003-ac4af9ee3a7f,pending,payment,Direct Deposit,15630.85
0f68775a-81d8-4bcc-a872-b8b6201fdfc1,pending,other,International Wire Transfer,12436.23
caabf201-7548-4311-9b13-da8e3a8b9f37,completed,other,Bill Pay Transfer,1175.02
26a435f5-9e08-4c20-802c-7b7ec6c136d0,failed,payment,Person-to-Person (P2P) Transfer,1471.02
671a3db0-e82e-4893-b938-38b0b8c0b9c6,failed,other,International Wire Transfer,1706.44
1ab1e160-f366-4e23-9a11-65c6114cb6fe,pending,investment,Third-party app Transfer,910.85
6bc83bf8-7569-4581-b9a6-4d60884ee072,pending,personal expense,Bank Draft,45.82
b0c1d557-260c-491a-b85c-0b686c5412e8,completed,payment,Direct Deposit,793.45
06f3abef-ed6a-4beb-8279-b5fc20538911,pending,payment,Automated Clearing House (ACH) Transfer,134.18
081b10e8-f0c8-4a99-93d2-ad96b2a7b010,completed,payment,Bill Pay Transfer,2832.35
d9d2ffd6-86c5-4295-93e6-6c787f0c1328,completed,payment,Third-party app Transfer,16.23
1699ad34-169b-406e-bce9-26b5811ba3e3,failed,investment,Person-to-Person (P2P) Transfer,736.65
2173ef85-dde5-4744-8402-ede7cfbcb05e,completed,other,International Wire Transfer,1134.26
10f13213-7da5-4b83-b840-c3b0a1f20f01,pending,other,Person-to-Person (P2P) Transfer,5681.19
bc12ab52-c3a6-460d-89f2-9316bf1edce6,failed,personal expense,Money Order,12007.74
60cfdb25-1312-45ba-936b-8097b99a7459,pending,payment,Automated Clearing House (ACH) Transfer,186.19
2d1628e4-0393-4088-8f88-b3cd11d1eb5a,completed,investment,Money Order,287.8
ccc32a43-afe8-4bff-a3f2-52ecaba5efda,failed,payment,Internal Transfer,15880.77
497b6dfb-b977-4155-8f35-5e42d9100a16,completed,investment,Internal Transfer,3067.6
5825bb3d-ca8a-43c1-9258-37f3fcfdd782,failed,payment,Direct Deposit,13302.44
9da02ce7-f30b-42e9-b7d1-350a74ee26b5,pending,personal expense,Bill Pay Transfer,185.29
5fd63464-5927-4b53-ba7f-06c1b93f13c7,completed,investment,Money Order,629.71
17b4589d-cf06-44a3-bd75-1cd5b5ddc5fd,pending,investment,Bank Draft,233.11
f6416811-e11b-41a5-9222-4b3e14096450,completed,investment,External Transfer,5533.73
f3f6b8ca-5862-4270-b0b4-aa6b20c3fcfa,completed,investment,Direct Deposit,8199.29
88cfe261-a642-428c-bb52-95dd29e38415,completed,payment,Automated Clearing House (ACH) Transfer,14212.67
553be822-cdc7-41c6-bdb0-3426bfdb1088,pending,investment,Bill Pay Transfer,30562.63
1af66cc9-41ea-4509-8e86-32c9471d003e,pending,payment,Internal Transfer,6692.71
090fb2fd-df3c-4fdd-9945-572d4e6b03bb,failed,payment,Bank Draft,11575.12
8778bd82-4a9b-4f7b-9a3b-4f3da8579f5e,pending,investment,Money Order,3.25
aeff6438-9710-47e1-a310-e27b6ddd91bc,completed,payment,International Wire Transfer,2733.15
77782e3a-e6de-4131-966a-5b5961be1488,pending,personal expense,Person-to-Person (P2P) Transfer,11726.05
ce18a69b-9538-4c36-997f-2db496e4e5a1,completed,investment,Third-party app Transfer,415.79
91a52078-2fe5-4b41-bb89-93d4519de309,failed,payment,Direct Deposit,1088.77
786aa4d0-3d41-40bd-942e-718faff3cc84,failed,investment,Money Order,371.03
7d404f01-ecd9-41bb-8a4b-b6edcc4900ff,pending,investment,Person-to-Person (P2P) Transfer,564.2
5c062041-263b-49d2-8b54-b41d15643b8b,pending,other,Automated Clearing House (ACH) Transfer,360.84
491fd8ed-b006-45f9-9d04-26693b6468c3,completed,personal expense,Third-party app Transfer,296.59
f5ed91a0-2e60-4d7a-9c64-b7e7707a7451,pending,investment,Third-party app Transfer,1354.43
cf5f0184-a168-4ba7-9df8-eab9394d18c2,failed,personal expense,International Wire Transfer,1585.59
c7509aa3-6cae-44ab-b3ff-4353affe7204,pending,personal expense,Bank Draft,319.02
f825805f-697e-4885-90db-33e605c82bd0,completed,payment,Money Order,520.69
01fcc330-0103-41bb-be08-8c6927df5d99,completed,investment,Automated Clearing House (ACH) Transfer,14567.01
65e33e06-6267-4f89-9d6f-52d85ff3685f,pending,personal expense,Bank Draft,1575.49
921da806-c5e7-4d2a-8f73-8844a30cafe6,failed,personal expense,Automated Clearing House (ACH) Transfer,2.54
9cf21125-2be1-4427-9b66-b107d17413b5,pending,investment,Money Order,23356.82
d24eb708-cacd-40e5-947f-ee21d04f3870,pending,payment,Automated Clearing House (ACH) Transfer,18547.38
12327e5c-82c1-4b35-9325-e5739c5cd076,failed,investment,Person-to-Person (P2P) Transfer,271.16
650a5adf-2168-4619-875d-036ba5670406,completed,investment,Money Order,373.54
bee3aa09-a41a-488f-93ee-7ee7f2560cfb,pending,investment,Automated Clearing House (ACH) Transfer,75.99
5463f187-f9c9-413e-8220-b86ce9e304aa,failed,investment,Money Order,335.37
d667c60c-8a2d-4845-ab20-f6afc5cf5704,pending,other,Third-party app Transfer,175.27
38016739-8e43-4801-9a6c-28c2e57276e6,pending,payment,Money Order,136.24
2476f4f8-3f6e-46c4-b3fd-0596e458cf5b,completed,investment,International Wire Transfer,249.68
ef908259-7f69-413d-bc4b-2ea0e38af048,completed,payment,International Wire Transfer,22173.72
7c63b8e3-e6b8-4a7e-96d5-3bcf8d67eb34,failed,investment,Person-to-Person (P2P) Transfer,11298.35
6dd2c046-7748-4b0a-83da-27b0fa0cde83,pending,investment,Bill Pay Transfer,6921.91
25814776-ed4a-412c-832c-ab2bd753be61,pending,other,Person-to-Person (P2P) Transfer,14313.14
74183acb-4de1-4ea6-adff-a67c59e0a13d,pending,personal expense,Third-party app Transfer,33535.07
be44c694-b6c6-4b56-ada1-0fa20112900a,pending,payment,Money Order,9086.69
e8583f90-4e57-406a-b8c0-4e0dd09faf5f,completed,other,Third-party app Transfer,1441.24
d15b6999-2f87-4975-8bc0-7eb6a14b10fe,pending,payment,Person-to-Person (P2P) Transfer,28345.94
dc4908e2-0863-49e9-a217-bb66f73e3ed7,pending,personal expense,Direct Deposit,11569.1
b3ddbdff-1006-46ac-b587-f69d1e7c3dfc,pending,investment,Internal Transfer,0.27
6f8baf45-fa26-4917-a048-af42208fb694,failed,personal expense,Person-to-Person (P2P) Transfer,0.8
7676a89b-6e48-4da0-9324-f1f23e53f086,completed,other,Direct Deposit,10271.54
3d2cb1e9-1db3-4908-b199-7bd345d57555,pending,other,Money Order,121.51
5c224c3f-2bff-471c-a49d-c2a5175b6733,failed,investment,Direct Deposit,1.16
c3d487da-1d6b-4a21-8f13-93c44211a688,pending,other,Bill Pay Transfer,1.18
2e6d885a-b14e-4e96-9b64-4ca70948b32b,failed,personal expense,Bank Draft,11015.88
bed11cea-e806-4920-b603-d52613e45d00,pending,personal expense,Money Order,9903.07
1d3c930a-bbf1-4aa9-bb84-5de9f1d6b333,pending,investment,Money Order,6086.2
f0f7c64e-c736-4213-b449-e617bac1fe9f,failed,investment,Bank Draft,78.54
4eddfbd5-c1e9-4a06-a0f2-8df08599bf71,failed,investment,External Transfer,24.45
a6bc7d72-dbe7-449f-8159-7accc558901f,failed,other,Bill Pay Transfer,1874.71
054b88e2-8981-4186-b0c8-a0552c6215ee,completed,other,Person-to-Person (P2P) Transfer,5230.64
0a4e71af-9728-4804-a656-a58784df15e6,completed,personal expense,Bill Pay Transfer,698.68
deeb0df2-6239-49e7-b7d9-a36342cc4b9a,failed,payment,Bill Pay Transfer,89.35
f1538775-7602-4c70-9d96-aa81d7eca94a,failed,personal expense,Person-to-Person (P2P) Transfer,6200.81
59a76c74-9031-4412-8a14-32aec7fca562,failed,payment,External Transfer,1721.88
50563bc4-b7fa-4df2-b992-506dd9865d9b,pending,investment,International Wire Transfer,5792.21
75be7c8a-93c7-4055-bcb3-ecddfddfef9e,pending,payment,Bill Pay Transfer,600.32
2216275b-899c-425c-a9a0-84d8c4ba3dba,completed,investment,Bill Pay Transfer,9565.38
d1416a10-5a5d-4af6-9df4-6e35d3cffb5f,completed,personal expense,Bill Pay Transfer,1281.67
9958d42e-417c-4e48-bfcf-a88b132cf763,completed,other,Bank Draft,23.01
6953095c-40d5-4c9f-91ac-16f22647e7cf,failed,other,Direct Deposit,18.88
c528df4d-1be2-4dd3-a922-3ef18c4b6709,completed,payment,Direct Deposit,59.42
ed89c513-4c6a-445a-a5bc-9506dca59af6,failed,payment,Internal Transfer,17260.68
f100e79c-7041-4377-be1c-332dd3e595e3,failed,other,Automated Clearing House (ACH) Transfer,16596.59
01a2cd3f-7329-4fdf-9cbb-118e5541841c,failed,personal expense,Bank Draft,3904.01
5af39358-59e9-435b-a3c0-f6ca65cf0445,completed,payment,Third-party app Transfer,895.07
d6cd3ed4-fc6a-4e6d-b7a3-fe511a348e2f,completed,personal expense,Bill Pay Transfer,64.96
9a6ee02a-5fa0-4dfa-9843-a37f231df6b9,completed,personal expense,Internal Transfer,5.7
