id,state,motive,type,amount,location
ca4865c9-a1ca-4330-b964-20a9525264d2,completed,other,ATM,9029.03,"{'latitude': 32.453754965530635, 'longitude': -123.14930913181692}"
1b1649c3-67f6-4d08-bd98-574b4fa4d5d8,completed,payment,Bank,2383.63,"{'latitude': -19.17405177806205, 'longitude': 89.28696084884706}"
f7211d1f-2d0a-4c8c-b1af-a58ef226317e,completed,other,Bank,51.23,"{'latitude': 55.66648453153263, 'longitude': -64.29978040025975}"
84fd7f34-54fe-44b4-8bbf-47c47692a16b,completed,investment,ATM,1431.83,"{'latitude': -16.829810750492754, 'longitude': -142.44822847673288}"
a72aaa97-5828-472a-8208-67285f891d4d,completed,other,Bank,3158.1,"{'latitude': 89.86279100869507, 'longitude': -14.777606752088985}"
9c22ea7e-05c5-40bf-9678-1e7947eba526,completed,payment,Bank,8390.6,"{'latitude': 36.256568605854525, 'longitude': -32.59085142160481}"
4d335db3-77c5-423e-9036-df013e49155d,pending,payment,Bank,4214.55,"{'latitude': -64.76131392978252, 'longitude': -19.134834473286276}"
292a6048-fe52-4da6-8898-a0f95ae925ae,completed,payment,ATM,4456.2,"{'latitude': -18.00409410303017, 'longitude': 127.28750689960515}"
a33b2bee-9b62-4613-9e2d-a1c34bdcd699,pending,other,ATM,8405.03,"{'latitude': -26.339859010024263, 'longitude': 6.806452521343829}"
b2994f9c-6240-4298-9bf3-f2c682a55aed,pending,personal expense,Bank,12089.2,"{'latitude': 28.21709288834454, 'longitude': 101.4329016857265}"
14866471-975b-4d23-b53d-96fe8de11923,pending,payment,ATM,22523.84,"{'latitude': 8.941315801505283, 'longitude': 105.97639558908361}"
9eef2a37-a8bb-4b9b-a743-5eb3a868eb6f,completed,payment,Bank,6934.99,"{'latitude': 55.22704996146632, 'longitude': -114.46902564827869}"
0989eaa9-37c7-4cbe-9126-e2469b88e7d6,pending,investment,ATM,14968.38,"{'latitude': -82.97112279665237, 'longitude': -152.81606152901026}"
f1a15ab6-d034-404f-b568-f89383af7954,pending,investment,Bank,23883.16,"{'latitude': -37.01160672192802, 'longitude': -90.52027555009263}"
aa0f37f7-f4c1-4666-aaaa-65427b4fa9ba,pending,investment,Bank,26446.01,"{'latitude': -36.32650869276402, 'longitude': 19.295164000362035}"
30111596-bb4c-426a-8a6e-28557a5eacd7,pending,investment,Bank,1215.49,"{'latitude': 29.136986227001714, 'longitude': -138.55169196269213}"
900007a0-572d-45f7-83fd-a390df379ea5,completed,personal expense,Bank,9340.89,"{'latitude': 33.85218261808734, 'longitude': -173.17179141107286}"
a623ac20-a770-4331-bbf5-0a22db7bf509,completed,other,ATM,837.21,"{'latitude': -85.07210659650887, 'longitude': 107.98843612232929}"
9dff8bc7-aa17-45ac-9617-84bc9a034d78,completed,other,Bank,5599.76,"{'latitude': 13.03812917982961, 'longitude': 65.04252870225355}"
3c0e9d63-6f7e-492e-87f1-65d3f49a4666,completed,payment,ATM,1250.03,"{'latitude': -50.821026153365736, 'longitude': -17.442420858221595}"
4f670f2a-b49e-42ef-a46f-ce64224cf696,completed,personal expense,Bank,12446.22,"{'latitude': 7.477854342341374, 'longitude': 155.85944119571923}"
ba23fb35-d388-4316-8434-4faa0bdb1e6b,completed,personal expense,ATM,1462.92,"{'latitude': 44.34224616520672, 'longitude': -156.71058225589053}"
9568bfc7-cdcd-48e5-af8f-8dfecde03174,pending,personal expense,ATM,2167.38,"{'latitude': -56.20511524562221, 'longitude': -91.2014458554143}"
7a9b65e3-bcf3-459b-9e21-926ca45dc32f,completed,payment,Bank,2535.86,"{'latitude': 40.12548329326688, 'longitude': 2.7169824432406813}"
415fa692-db55-4be4-a772-44b0a25a353b,completed,personal expense,Bank,2335.27,"{'latitude': -77.04808354455486, 'longitude': 32.38461210991932}"
d4af177a-7570-4be4-9e3d-6127924dc990,pending,payment,Bank,75.15,"{'latitude': -49.32204787453589, 'longitude': 141.35097518751775}"
2a039b36-20f6-4e0c-bfdf-bb8f4983c712,completed,payment,ATM,117.7,"{'latitude': -6.204917472034168, 'longitude': 41.011053650196544}"
c6dffd89-85a9-4e3d-876a-7eb64952b7e4,pending,payment,ATM,1499.21,"{'latitude': -42.20257253640326, 'longitude': 73.91747273924659}"
250082e2-a1b5-480e-bda5-47c7b5c092e3,completed,other,ATM,20378.04,"{'latitude': 30.571529394624093, 'longitude': -99.40858281305978}"
3cd5c021-f0c9-452e-a75b-810453366ac1,pending,personal expense,ATM,16472.73,"{'latitude': 4.644083091426708, 'longitude': -56.853145187246014}"
7bfc6552-71e6-40d2-9ff7-6a45e6f2c945,completed,personal expense,ATM,14260.67,"{'latitude': 76.86232513700784, 'longitude': 51.49487769059854}"
86f30aa5-03b8-4c49-afee-13e1fe79364b,pending,other,ATM,245.97,"{'latitude': -30.805793025027015, 'longitude': 62.2863685370566}"
4f40f96e-a359-4f9b-8e45-e4af11b6f83f,completed,personal expense,ATM,840.27,"{'latitude': 64.68445493749962, 'longitude': 38.44699323539356}"
83f400b7-6039-436c-a160-41577074a4e2,pending,personal expense,Bank,775.12,"{'latitude': 26.955858043825287, 'longitude': -128.847204869821}"
6cd54bd3-6970-4bf9-83c5-2041efa9e70a,pending,payment,ATM,6351.02,"{'latitude': -58.374632050559775, 'longitude': 43.47171364812965}"
7b3dba73-0dfc-4dd0-983e-75ad3b5fc677,completed,personal expense,Bank,452.75,"{'latitude': -43.199529982939424, 'longitude': 16.160520604896902}"
0a9c2ab8-038c-4e08-b8e0-2219588ba57c,completed,payment,ATM,4280.99,"{'latitude': 22.196127447540235, 'longitude': -101.66783304084112}"
8bf25df8-3aad-4353-ac01-698e8a5ec261,pending,investment,Bank,12934.84,"{'latitude': 2.40907873572084, 'longitude': 34.79230916757618}"
b61eab21-8d49-4e2e-989a-cacbdd745dc1,completed,personal expense,ATM,427.43,"{'latitude': 40.03979249060052, 'longitude': 129.68555356404545}"
0334cf24-716b-4e15-9498-0e817d0f97eb,completed,investment,Bank,4397.3,"{'latitude': 3.4407203818051784, 'longitude': -137.74647107005256}"
6ba73a99-bfbf-463e-bbd5-61ad0663ee89,completed,payment,ATM,5085.21,"{'latitude': -75.32741112899222, 'longitude': 156.29431109292995}"
2e6156ec-6acd-4600-882d-40ff03c0de3f,completed,personal expense,Bank,4169.52,"{'latitude': -52.0979953388663, 'longitude': 5.695875408717853}"
a5ee4e13-b26d-4512-851a-2a695d4e3de6,completed,investment,ATM,3335.91,"{'latitude': 71.15486213151627, 'longitude': 38.839292169549}"
88585e7d-4541-42a9-b023-381c1d3de613,pending,payment,Bank,1042.96,"{'latitude': -42.04050791514206, 'longitude': -24.64652869111447}"
570fa8fc-5d1b-48ab-ab76-eef9a3476c73,completed,other,Bank,23582.61,"{'latitude': -6.854200643173968, 'longitude': 13.325070072545657}"
19049a14-2d68-426e-a147-347ae26f2a99,pending,payment,ATM,2207.55,"{'latitude': 21.359320167015554, 'longitude': -170.74460500702412}"
b92999d3-4871-4e5a-81b1-13b6c7da7ac5,completed,other,ATM,459.99,"{'latitude': -85.98740719661751, 'longitude': 33.2469120369598}"
2f82da6f-562f-4d09-bc9e-14105c8cb9ef,completed,investment,Bank,4783.72,"{'latitude': 60.254109756720936, 'longitude': 108.27271193385155}"
dec7520a-23cd-4de8-97ce-f031ddc42e87,completed,investment,Bank,10730.44,"{'latitude': 29.43681806406161, 'longitude': -172.99149644255502}"
2de64b1c-fbab-4bf0-b83c-0dc1224079b0,completed,other,Bank,829.67,"{'latitude': 89.93032529422297, 'longitude': 29.069607079015157}"
6924b7c9-8a07-4696-821a-dc8aa9f107f9,completed,other,Bank,37.02,"{'latitude': -68.7111768442085, 'longitude': 18.999079517697908}"
a0fbdafb-a3e7-4cc5-a47a-5dfdaefe14ff,pending,personal expense,ATM,51.07,"{'latitude': 68.33117063223636, 'longitude': -106.2680488591155}"
1cf41995-f539-4dab-84dd-9a68ca7aa7ff,pending,other,ATM,25898.61,"{'latitude': 67.42712226624184, 'longitude': 144.7273954695945}"
d90363b5-82bd-45c2-b85d-0783e5463d5a,pending,investment,ATM,26943.52,"{'latitude': 41.25573186819932, 'longitude': -156.4812435152396}"
12b01ad6-74ba-441c-a956-4853c651f6fa,completed,investment,Bank,25058.26,"{'latitude': 67.18758135627752, 'longitude': -97.8631452209505}"
a6c1ebfd-8823-4374-90f2-1ef661c9a390,pending,payment,ATM,18275.66,"{'latitude': 51.355977065762204, 'longitude': 49.48440080295504}"
93b11e81-df38-4032-9a49-fd75cecad6e1,completed,personal expense,ATM,8535.39,"{'latitude': 68.92749740555078, 'longitude': 63.82902678970231}"
f9a415b6-7393-4ea1-832b-d5290cdd5616,completed,other,ATM,2208.27,"{'latitude': -30.387916643274572, 'longitude': -6.422167612124952}"
66b194d8-6709-4ffb-9b00-52a33c7d151d,completed,personal expense,ATM,3120.51,"{'latitude': -58.452711962395654, 'longitude': 10.16421276212725}"
801eab71-af21-4ee7-8e1e-13b8bbcbfaf7,completed,personal expense,ATM,2127.19,"{'latitude': -37.24165049366912, 'longitude': -4.17874604609608}"
5d1d29d5-8f49-4457-ba33-078b973b2494,completed,investment,Bank,5097.83,"{'latitude': 28.830519724778682, 'longitude': 49.65137264639259}"
00016782-458e-499d-9d86-b8f991067943,pending,other,ATM,452.36,"{'latitude': -86.92244585996849, 'longitude': -10.559226942387482}"
42161b9b-93c4-485a-8b6a-d7ce6245069e,completed,personal expense,ATM,219.98,"{'latitude': -63.01590412975649, 'longitude': -135.98917650980638}"
836afc7a-f39e-47a0-acb2-193e843bc85d,completed,other,ATM,232.55,"{'latitude': -39.001039708772076, 'longitude': -62.05107762093451}"
87c6b217-7abb-4313-83e4-aa1b059ab919,completed,investment,Bank,8127.62,"{'latitude': -69.40740934604133, 'longitude': -90.19956824462062}"
16756e1a-2c1c-4aa1-9b90-d4204eff4d8b,pending,other,ATM,409.69,"{'latitude': 73.14659904335929, 'longitude': 103.48499908286135}"
83736003-57c4-4fde-8e2d-49357e0a0f56,completed,investment,Bank,13995.78,"{'latitude': -76.93985099806042, 'longitude': 82.32313253878328}"
98e1d516-df2a-48f0-a2e2-27297a7654cb,completed,other,ATM,4486.52,"{'latitude': -76.3374038034743, 'longitude': -60.18882640700572}"
e325d074-1307-456d-98a8-a2b4789d9289,completed,personal expense,ATM,17317.43,"{'latitude': -75.73435755665776, 'longitude': 37.306856836003135}"
2a889306-9e89-40d2-a0fe-b342f769a596,completed,other,ATM,9760.59,"{'latitude': -65.99360625351582, 'longitude': 15.177239669688845}"
a88bfca7-52de-4df6-9023-7f84d952d627,pending,payment,Bank,28120.32,"{'latitude': -60.56893749434838, 'longitude': 168.3180774870321}"
aa8f0a79-9571-49cc-bff9-973ff269b031,completed,other,ATM,37306.78,"{'latitude': -8.016371381547188, 'longitude': -144.84056919823846}"
06cec988-127a-4cbc-9428-b3f1525b3af6,completed,other,Bank,1468.79,"{'latitude': -3.8295870298934176, 'longitude': 90.0845503081074}"
e53907e7-8eb5-415c-9f26-6494fe591664,completed,personal expense,ATM,35646.24,"{'latitude': -42.5968150483862, 'longitude': -75.48662224180349}"
8ef1c35f-6e49-4bc1-b629-4d489d3c7cca,pending,investment,Bank,8530.64,"{'latitude': -25.218473600801417, 'longitude': -109.04614421762172}"
38349124-7af7-494d-b544-0c0abfdde28b,completed,investment,ATM,4624.36,"{'latitude': 46.368385584430825, 'longitude': -154.92445092366248}"
72a45995-d408-4c25-bf25-fd8f1a9f2a21,completed,other,ATM,25.24,"{'latitude': 59.61074746084827, 'longitude': 166.88893301356705}"
8f90553d-1281-4019-b56d-f70388408e5f,pending,payment,ATM,10.87,"{'latitude': 39.273075948307024, 'longitude': -30.957569103344895}"
a10da649-f99d-4cab-866c-749fa702a725,failed,other,ATM,41.96,"{'latitude': 51.472973618932656, 'longitude': -49.46841539302858}"
808395ce-c043-46ab-bf7b-81e1ed0c9066,failed,other,Bank,48.01,"{'latitude': 7.958205882424068, 'longitude': 91.0544933704989}"
2e6b0649-6666-4811-a939-8644a55a4cfc,completed,other,ATM,28981.58,"{'latitude': -39.95066239874305, 'longitude': 60.42746080745957}"
bc1ee4a3-3511-4657-b49d-67d8f760d536,pending,investment,Bank,17286.98,"{'latitude': -52.57215560977467, 'longitude': 136.37883093661384}"
0e16cc9e-f007-42d7-a98d-a0a7f61d6306,completed,personal expense,Bank,26079.34,"{'latitude': 89.6559123633626, 'longitude': -121.1729196208542}"
672a2e85-f340-40c6-a417-16f656dc7bed,completed,payment,ATM,15423.06,"{'latitude': -57.54430647883903, 'longitude': -152.3455840612785}"
2ea1423a-de61-4e1d-904d-ef7e27fda28d,pending,other,Bank,1528.32,"{'latitude': -46.322124267338786, 'longitude': -59.234649402187586}"
d5ac720c-735b-4436-af77-e6fe74faf29b,pending,other,ATM,2895.14,"{'latitude': 40.00621374521259, 'longitude': 101.825632963349}"
1ab0fd7f-70b1-4445-b3da-ccaf539ebb26,completed,investment,ATM,265.4,"{'latitude': -28.65740108988207, 'longitude': 122.1530389342592}"
173cd836-7ae7-4302-af9b-8ffa6683547f,completed,personal expense,ATM,22162.15,"{'latitude': 3.8673520552624296, 'longitude': -177.00732722134788}"
bc3a5431-b884-4683-82ff-4cfb1723abdf,completed,other,ATM,7692.31,"{'latitude': -67.75051425515572, 'longitude': -139.65005313318318}"
898c398c-dc90-4140-af54-0f4b8e562b0f,pending,investment,Bank,3662.52,"{'latitude': 79.23478731946005, 'longitude': -4.192687468275722}"
53f9deaa-dd79-4bf0-8a09-83d2bc516342,completed,personal expense,ATM,2583.46,"{'latitude': 40.58774645494893, 'longitude': -88.20549000426792}"
24030147-2300-4b55-bdd0-b88f3e3bb54a,completed,personal expense,ATM,41098.66,"{'latitude': -50.59799744246844, 'longitude': 1.6025415283700397}"
9b2c419f-6ff1-4b84-9ee2-384b3b63e394,failed,payment,ATM,33.03,"{'latitude': -15.47540041113787, 'longitude': 6.621119819554053}"
058a0535-0357-49ff-8c49-a99642ecd0fb,failed,personal expense,ATM,25.44,"{'latitude': 51.80357833217644, 'longitude': 104.71216666084302}"
1a77d287-d684-4de3-b959-ed59bfeccec2,completed,other,Bank,10.25,"{'latitude': -47.02582423726078, 'longitude': -46.608815698803966}"
2c50dbe2-c6d4-48e2-bc2d-c848dddb3db5,completed,investment,ATM,40376.78,"{'latitude': 72.7859320386197, 'longitude': 72.551298111052}"
a9e6244a-c8c3-461e-aa9e-e034e9627468,completed,personal expense,Bank,3118.05,"{'latitude': 37.884278500117475, 'longitude': -179.485789597364}"
457147dc-f290-4470-bd3b-a86e1c8c42b9,completed,other,Bank,2178.51,"{'latitude': -24.81924588240574, 'longitude': 82.69287511476972}"
84336b9e-c9b2-4cfe-957e-93ee643801aa,pending,investment,Bank,15780.6,"{'latitude': -3.117567151321083, 'longitude': 52.229251484335066}"
c9a6d846-03dc-47cc-8771-39ad548fdede,completed,other,ATM,15124.38,"{'latitude': -40.12830338181403, 'longitude': -2.2744402144520848}"
910c4e5e-c1c6-407e-9b3c-08dd5ee4454a,completed,personal expense,ATM,4178.16,"{'latitude': -36.57413308015773, 'longitude': 153.94744450831274}"
263c70d7-a429-435f-a9f1-9b6fb6fda2db,completed,investment,Bank,214.86,"{'latitude': 56.292570706588435, 'longitude': -89.19680797283257}"
64bb6238-3a20-4990-83c8-be5384712353,pending,other,Bank,504.0,"{'latitude': -16.377187971932457, 'longitude': 38.26921835114854}"
ed3fc9f8-f97f-492a-80a1-2ada0a8c51af,completed,personal expense,ATM,18496.21,"{'latitude': -27.820310601377997, 'longitude': 36.396810083467386}"
e72cad33-be43-4ee9-835a-a50a0cbf898b,pending,other,Bank,5860.43,"{'latitude': 46.5583058891815, 'longitude': -16.414688290872505}"
25705715-ce3d-4c91-9a0d-ff2cf788f8a4,completed,personal expense,Bank,1912.13,"{'latitude': -9.39774615887606, 'longitude': -144.7908043475614}"
1b53cae7-ef92-4606-af09-2b3367c4a931,pending,other,Bank,19470.23,"{'latitude': -27.569609558322313, 'longitude': 41.01235147617561}"
4c6628c3-7223-4cd1-b56c-8919d90d1f10,completed,investment,ATM,5129.13,"{'latitude': 17.71207682396455, 'longitude': -125.36072264921623}"
b21864cd-f935-453d-8aaa-9e52a199338c,completed,investment,Bank,1725.35,"{'latitude': 74.89157025138906, 'longitude': -58.73705522906958}"
c61b643e-6867-4dc4-8230-b3741c3d30fa,pending,other,ATM,3877.09,"{'latitude': -34.282612546779085, 'longitude': 20.09903031307067}"
66292bce-4797-45b0-9ca0-13eff1ada013,completed,other,ATM,21030.06,"{'latitude': -66.76058781609959, 'longitude': 170.26874825322352}"
13d6b0b8-16b5-449b-93b8-32e2ad691db8,completed,investment,Bank,13539.33,"{'latitude': 38.62165025118608, 'longitude': 85.98284480074005}"
dc5741e5-b908-447f-8216-7d344164a499,completed,other,Bank,13128.12,"{'latitude': -74.23381536719495, 'longitude': -144.79619760014563}"
88c86678-79e5-4166-ba99-6c693e3f6fb9,pending,personal expense,Bank,268.18,"{'latitude': -14.646517972378987, 'longitude': -93.88053712183877}"
c0e991c3-066f-4406-8340-019c078c7686,completed,payment,ATM,22435.43,"{'latitude': 83.53125483893604, 'longitude': -22.353310969793938}"
fc72536a-1308-4e48-aae4-75b96cf1f166,pending,payment,ATM,38.37,"{'latitude': 34.43098732418743, 'longitude': -76.87521169109884}"
6702139b-8d54-44cf-97b5-1137ecf8e9da,completed,personal expense,ATM,2772.77,"{'latitude': 33.33079310756386, 'longitude': 83.03401659110648}"
170f400b-b1f7-4377-a9de-60eb41f9eae0,completed,other,ATM,373.66,"{'latitude': -60.734287790038124, 'longitude': 68.54972651695755}"
9a4f5e9b-4c73-47b9-9c37-641170b6ea16,pending,investment,Bank,1817.81,"{'latitude': -8.683291863882417, 'longitude': 145.42066940424326}"
b316c7eb-8fd5-4fee-8c3c-a1ba7785f7d1,pending,personal expense,ATM,932.74,"{'latitude': 12.745209860340793, 'longitude': 40.11835863846841}"
b9dce585-036d-4305-baf8-2f331b6c8c60,completed,personal expense,Bank,1401.81,"{'latitude': 8.12856064400627, 'longitude': 4.695283434021434}"
3ae825c8-b0b5-4547-9757-ea7862368297,completed,other,ATM,19.99,"{'latitude': 39.379245540984755, 'longitude': 158.45556798002985}"
4231e63a-aa2c-4f46-b855-0f5e05517000,failed,investment,ATM,152.36,"{'latitude': -52.02223851340073, 'longitude': 64.41643553020745}"
850ede40-7cff-4f83-8d72-89f6f94353fe,pending,payment,Bank,33096.03,"{'latitude': -50.26394284609365, 'longitude': 147.09296031674546}"
df5e9390-045d-48cb-aa75-c163486a99e0,completed,payment,ATM,4801.85,"{'latitude': -10.000481591888516, 'longitude': -56.97339097484456}"
34f625c0-8722-45b1-84a4-db21048ced9f,completed,other,ATM,30916.43,"{'latitude': -77.72113513611333, 'longitude': 30.668369836634355}"
4ba852b0-f360-4ace-8c76-4c59032593c0,completed,personal expense,Bank,989.94,"{'latitude': 17.92585644068943, 'longitude': 17.82375703976328}"
89b56fef-22ea-44d8-b42a-8c2971a35c98,completed,other,ATM,4860.68,"{'latitude': -38.146868978406154, 'longitude': 2.630467494133484}"
13e5c9fc-342b-4e9f-be57-cdc689eefc91,pending,investment,ATM,972.28,"{'latitude': -81.77874273440946, 'longitude': -122.91822065932911}"
1893bdef-f047-420a-b41f-f323b51229e6,completed,payment,Bank,3059.96,"{'latitude': 41.50495375305434, 'longitude': 29.063545439497744}"
6500215a-102a-429b-a531-b0364a7f22ee,pending,payment,ATM,33461.54,"{'latitude': -76.3136311541571, 'longitude': -16.5129343884812}"
847a21fe-a035-490c-aaa9-760023d8209f,pending,payment,ATM,30864.0,"{'latitude': 29.881613953521594, 'longitude': 100.25794202202331}"
b62b45aa-e659-4328-b0de-cb1d38a01741,completed,investment,Bank,2926.7,"{'latitude': 82.15416199385817, 'longitude': -30.27957301371751}"
4bfaec20-9431-49bc-bdde-8a5420cd0fd8,pending,payment,Bank,10987.53,"{'latitude': 32.20989820147183, 'longitude': 2.650095241310055}"
ef430db5-7c9f-4376-89c7-7a5c5cb67488,completed,payment,ATM,9335.81,"{'latitude': 21.826822133944702, 'longitude': 2.5652024354752427}"
63e6e0f2-4149-4cf7-bc54-c0465a26d9fa,completed,other,ATM,450.98,"{'latitude': 2.829123618162839, 'longitude': -109.691136711537}"
0b35fd47-e059-4206-b304-98e613a16a72,pending,personal expense,ATM,105.11,"{'latitude': -74.0065263640696, 'longitude': -73.42978675085614}"
5b49c162-30f7-46a3-949a-bfacfca73f1d,pending,payment,ATM,2930.61,"{'latitude': -80.25311836797611, 'longitude': 10.947417494586148}"
1a684b97-b6cb-4fb5-8c17-8d13c765e00a,completed,investment,ATM,1475.66,"{'latitude': 44.576797213928074, 'longitude': 51.98299818234537}"
2ba56b5a-2b35-44b3-a7d8-93da66d0e4bf,pending,other,ATM,2229.8,"{'latitude': -56.51152594620945, 'longitude': 8.859940021365077}"
1aa49061-0a5c-433c-80ef-29a297e80cdd,completed,personal expense,Bank,6900.75,"{'latitude': 86.08745426280251, 'longitude': 112.47411420814927}"
b46b4d03-48aa-4a4b-bb1f-bcea321bd8c4,completed,payment,ATM,299.57,"{'latitude': -14.166465731895784, 'longitude': 163.54033206850602}"
fae3fe48-d725-43aa-bddf-f29c7788e60f,pending,investment,Bank,19626.26,"{'latitude': 32.90487390638829, 'longitude': -87.64604533410883}"
78d952eb-35e8-489f-94c0-1855561b0602,pending,payment,Bank,5581.9,"{'latitude': -16.8908941662782, 'longitude': -150.12670932379416}"
26ac78c1-b893-488b-b50a-85d9bf67a03d,pending,other,Bank,14990.06,"{'latitude': 56.1638273898117, 'longitude': 45.20038502933241}"
43d47ff5-344a-497b-a820-f8df9d1b6a16,completed,other,ATM,5823.25,"{'latitude': 56.79690645796663, 'longitude': -64.91934495378214}"
53edb500-affb-46b6-a061-95ababcd7148,pending,personal expense,ATM,17089.39,"{'latitude': 39.76854728279915, 'longitude': -48.83654575207777}"
eff33654-5dc8-42ee-a49b-7dfb0e26ad6b,pending,personal expense,ATM,1473.38,"{'latitude': 54.28184718458627, 'longitude': -116.64418250523394}"
b30353e1-a607-49d8-98e7-340102cb4f3a,completed,personal expense,ATM,3247.02,"{'latitude': 55.12425102297664, 'longitude': 53.531861296893766}"
fcdb9195-10d4-4b57-9b01-071eda32f803,completed,payment,Bank,4177.86,"{'latitude': -72.1790927631745, 'longitude': -25.45112429294292}"
6f3f62b7-5bb6-413c-80b4-1d1bd8318aa5,completed,other,Bank,764.61,"{'latitude': 23.601033818054376, 'longitude': -133.96817862168842}"
1323e316-95d7-403b-aa20-65b05656bd2b,completed,investment,Bank,67.29,"{'latitude': -24.17424811914131, 'longitude': 112.92701907303268}"
ea975afa-04e0-495a-988d-0b3290d701d5,pending,personal expense,Bank,324.1,"{'latitude': 73.07369817585413, 'longitude': -29.450155125539908}"
b260a094-d7e0-485b-9f8e-abf7a0c9f9e3,completed,other,ATM,343.52,"{'latitude': 31.14336337415179, 'longitude': 137.43062319197588}"
a0f3242d-322e-4421-bf79-c43ab54cff01,completed,personal expense,ATM,7.42,"{'latitude': -21.226849068841403, 'longitude': 20.37569822787566}"
a8c3d139-e673-4887-a356-85f47156a7f4,completed,personal expense,ATM,15653.16,"{'latitude': -25.596810341223275, 'longitude': -103.83701272067391}"
95a36ade-19a5-43c5-b307-a08d6c653730,completed,investment,Bank,4069.19,"{'latitude': -67.86045839385919, 'longitude': 67.91642207142363}"
663b415d-5d64-4bb1-bd4a-3edfb03deaa2,pending,other,ATM,149.01,"{'latitude': 56.43986717606518, 'longitude': 43.480351150708344}"
d87186e1-4170-4613-b807-24021a93084e,completed,payment,Bank,626.46,"{'latitude': -25.118100807172837, 'longitude': -28.347505936177555}"
cc54d1d8-05ec-4784-8895-1d33e58defa1,completed,investment,Bank,15458.24,"{'latitude': -30.548639589389218, 'longitude': 147.84082057184452}"
abff75b7-e7ba-467a-803b-dc4cfab8bd13,completed,investment,Bank,11501.33,"{'latitude': -36.72439361501894, 'longitude': 135.3996586538679}"
ef261f17-705a-4d03-98b1-4c30ea806f0e,completed,personal expense,Bank,980.89,"{'latitude': -56.114719717043414, 'longitude': -103.7589151777077}"
bbe3738a-350d-421d-8f86-5416f18b4d49,completed,personal expense,ATM,186.49,"{'latitude': 45.72058462166794, 'longitude': -33.61306345781631}"
307cadab-a0d1-4da8-86ed-b6b2cf8f34c5,pending,other,Bank,266.19,"{'latitude': -42.633024421046024, 'longitude': 122.53381139396987}"
88dbe32e-0bd8-4945-bc5a-55364b14f0c1,completed,other,ATM,7776.75,"{'latitude': 20.897218068516253, 'longitude': 152.54637193919115}"
ff35160d-6e87-42a4-bb28-bc37794bc998,pending,investment,ATM,44843.17,"{'latitude': -38.96786010274613, 'longitude': 127.44933114672523}"
6caff265-51cd-4ace-bbe8-2ee46f1d8359,pending,investment,Bank,6098.55,"{'latitude': 65.91669114932546, 'longitude': -94.8316612147543}"
571a903d-c486-4f04-a13d-bcb9ff97bcd0,completed,other,ATM,6590.2,"{'latitude': 79.48675076570947, 'longitude': -91.31482133629672}"
71bad27e-fe39-4c0c-81a8-3b33af5d85bd,completed,personal expense,Bank,649.62,"{'latitude': -8.708673888086068, 'longitude': -106.21900272538765}"
b2b31acc-6575-4df1-8a7a-93b91987b251,failed,investment,Bank,640.66,"{'latitude': 32.45017029680939, 'longitude': -104.44579875683817}"
938ca598-ee7b-4c5c-8ce2-2a2ab3a9f5e3,pending,personal expense,Bank,8068.61,"{'latitude': 81.37880764259788, 'longitude': -26.411953474921347}"
38aa2b82-b377-4201-adc2-b1b3f26d6e0f,completed,investment,Bank,12559.16,"{'latitude': 4.925172083872482, 'longitude': -19.537407855707272}"
aac78c5e-921a-4bc6-8993-4db9b152aecb,completed,investment,Bank,397.35,"{'latitude': -56.72332523720781, 'longitude': -164.3081551609642}"
02e037ea-369f-40fa-96b3-0be3caf19d69,completed,investment,Bank,4998.91,"{'latitude': -53.87049633663848, 'longitude': 171.8013760818032}"
342b3747-c4ab-4ba8-80cf-9cd95ec8b7f7,pending,personal expense,Bank,7609.77,"{'latitude': 88.34011126806791, 'longitude': -154.98008063594492}"
a6dc9e9c-3d0d-400e-a2ca-9251a6038367,completed,other,Bank,4744.59,"{'latitude': -10.813752160140766, 'longitude': -46.616924610565974}"
daf4630a-5213-49f6-b885-638a0cb10080,pending,personal expense,Bank,10098.85,"{'latitude': -5.813111403812343, 'longitude': 177.6644903494318}"
dc96c378-72b7-47ca-accd-fc025f13acc2,completed,investment,ATM,2264.13,"{'latitude': 87.42635686314475, 'longitude': -108.55381579792265}"
2bfe370d-a0aa-4eb6-8923-1479386d1b47,completed,investment,ATM,10143.24,"{'latitude': -3.2903267865563066, 'longitude': -54.74354770550191}"
a8dd7166-0615-441d-a113-0ab41f50d136,completed,other,Bank,5602.8,"{'latitude': -51.10689651454014, 'longitude': 168.29404618666433}"
2ba1e313-c84a-452b-a59b-fadb64efe6eb,completed,investment,ATM,5224.05,"{'latitude': -84.03327742997804, 'longitude': 177.87129807671073}"
e2be5fab-ee47-4980-8b72-45587ee52941,completed,payment,ATM,35625.53,"{'latitude': -77.8257354350033, 'longitude': -86.1736906668304}"
35136df0-00af-4457-8220-2be5c9224adf,completed,other,ATM,26392.78,"{'latitude': -37.37021550208645, 'longitude': -18.64248547310285}"
700d4ca3-7940-4bce-90a7-5bda35eea25f,completed,personal expense,Bank,10293.57,"{'latitude': -20.600624046983114, 'longitude': -1.2044883936983695}"
b5089a68-3085-4006-8eee-029fc6a5b7f4,completed,payment,ATM,3482.62,"{'latitude': 32.37190524270669, 'longitude': 145.41554331742907}"
ad9c8ce3-b092-4003-af7d-b1e3af0499fc,completed,investment,ATM,183.96,"{'latitude': 12.113492773016233, 'longitude': 83.47265596903515}"
6436abc5-e829-4bfc-ae25-6089f192dd80,completed,other,ATM,532.66,"{'latitude': -27.606588003668016, 'longitude': -62.061076673186534}"
c2ffb904-fb13-488d-be72-b390d0bb101d,completed,personal expense,Bank,13950.32,"{'latitude': 70.59556393313795, 'longitude': -78.21470220071282}"
8176d840-bff7-4c4c-aa5d-c3bd0d7fc515,pending,investment,ATM,16245.23,"{'latitude': -30.95857591567173, 'longitude': -119.30319255427773}"
846adac4-934b-4d3b-a673-b6be1a86a8ef,completed,investment,ATM,2454.57,"{'latitude': -9.17984067692612, 'longitude': -111.22395253822161}"
edc44d7f-85c2-44d7-89fa-cc61eed121f9,pending,personal expense,Bank,35959.45,"{'latitude': 6.341788401483896, 'longitude': 52.278563105466304}"
3f228604-883d-44d7-b73f-69219f551c31,completed,personal expense,ATM,19101.68,"{'latitude': 84.97595738327988, 'longitude': 74.01080980276367}"
d0fbfd40-a031-4c38-9800-74e677e85aea,completed,investment,Bank,18346.13,"{'latitude': -58.65325199995396, 'longitude': -88.16653853464861}"
7447a750-c904-44fe-9034-3dac5cef24ab,completed,investment,ATM,23040.28,"{'latitude': -76.25288038864586, 'longitude': -54.92563901784695}"
190d6ca4-7d7a-486f-8aff-3b12a793ccba,completed,investment,Bank,7568.51,"{'latitude': 34.30027092583727, 'longitude': 134.38107010463494}"
f5944dc1-df74-47e1-8614-67225914df5c,completed,payment,ATM,16.93,"{'latitude': -34.48298293573862, 'longitude': -111.08477555252571}"
8f3a24a1-6f1f-4123-8eb0-58ec7adc651d,completed,payment,ATM,603.93,"{'latitude': -64.06375449856365, 'longitude': -153.34718523615462}"
b83234d8-921f-48fc-bf6e-3ca2cc14fcbc,completed,investment,Bank,34.16,"{'latitude': 61.81158134113841, 'longitude': 4.5530110310989755}"
330a10b0-7126-4755-8549-a717660016a4,completed,payment,Bank,29413.9,"{'latitude': 25.271923835883925, 'longitude': -109.93879378011016}"
c1b40780-2011-4302-8d82-2f8fa0428142,completed,other,ATM,629.18,"{'latitude': -35.929920871791246, 'longitude': 25.650940493718565}"
d0eb859d-663e-4896-9cd0-d2f9ab5d9ce8,completed,payment,Bank,22575.78,"{'latitude': 32.821604217172265, 'longitude': 13.11332150251414}"
9ce893ab-7796-4375-b881-8e2f0a1a056b,completed,other,Bank,1369.92,"{'latitude': -52.85461710976358, 'longitude': 15.439673543140316}"
3466c497-e08b-48b9-8a14-020e05ae4992,completed,investment,Bank,130.45,"{'latitude': 26.929235550213946, 'longitude': 47.4533211488808}"
57c89a49-4a81-47e8-bf6b-1df0d753aca8,completed,other,Bank,1018.45,"{'latitude': -21.557122864875424, 'longitude': -25.28014281630152}"
60381bce-d826-4a75-847e-177ab01e9a26,pending,other,Bank,325.93,"{'latitude': 57.700497789507125, 'longitude': 52.795957266708456}"
6c2c3865-8b2a-490e-941e-2981cbc10353,pending,personal expense,Bank,2928.46,"{'latitude': -57.45748668876806, 'longitude': -163.70757199373455}"
129639dd-abb0-4d97-9b33-97647d3c69ae,pending,payment,ATM,10572.63,"{'latitude': 40.23902723257618, 'longitude': 61.44546629109428}"
161181b9-91d1-45d4-9bb5-5aedfe2639d3,completed,investment,ATM,1716.78,"{'latitude': 79.23726729425289, 'longitude': 83.63258116343945}"
c5fc6cfd-6b4a-4642-af57-2363334df01b,completed,payment,ATM,7503.35,"{'latitude': -26.432253401895387, 'longitude': 56.73913859312489}"
9efa0d3e-92a9-4f3b-bab1-483bf614ebc8,completed,payment,ATM,4079.73,"{'latitude': -30.856424781330034, 'longitude': 96.97181112968423}"
7b843631-5eae-49f6-af83-8c67097a8b86,pending,investment,Bank,34565.78,"{'latitude': -5.198550202903178, 'longitude': -78.53675170151543}"
fcb6c03f-cdb1-4548-a93f-0b73cbb34407,pending,investment,Bank,6568.23,"{'latitude': -10.18932326235695, 'longitude': -0.06439685617729651}"
e00d5450-1335-461f-8db9-bc9823502738,completed,payment,Bank,9575.24,"{'latitude': 76.55593368960041, 'longitude': -125.13941115542441}"
4016e20d-8a97-429d-be56-b5921b132c99,completed,payment,ATM,4750.45,"{'latitude': 67.27802489267722, 'longitude': 164.4385690294335}"
060fc8f0-86be-4f23-b8fe-6c826cc322c1,completed,personal expense,ATM,899.8,"{'latitude': -80.99299061089673, 'longitude': 4.968794109091135}"
d0d3eb09-9d3d-4001-94be-411c15f3f366,completed,personal expense,ATM,131.11,"{'latitude': -39.65637581643355, 'longitude': 136.2371782469321}"
d5586a2a-7b93-43a4-935f-2fe362b79e27,completed,payment,Bank,72.86,"{'latitude': -65.59769499171166, 'longitude': 104.17695637555187}"
225d82c8-82e7-49da-b86d-8d90331a1984,completed,investment,ATM,2517.25,"{'latitude': -24.546763453674913, 'longitude': 171.60662217805918}"
024682ac-6ebc-42e5-be96-c861758a7f1c,completed,personal expense,Bank,546.67,"{'latitude': 77.70822558495601, 'longitude': 92.41550686110912}"
bf92405c-5a43-4cc3-932e-52f6c815a4f1,completed,investment,Bank,553.14,"{'latitude': 28.02556429298228, 'longitude': -34.36453803214101}"
edc0b1d0-b17a-4608-b660-b049deeecf12,completed,payment,ATM,41.23,"{'latitude': -56.28590987386306, 'longitude': 33.29548955329483}"
a847e471-e733-4166-9966-d86f37c7d4b2,failed,payment,Bank,11.5,"{'latitude': -0.6859087197659903, 'longitude': -28.99780931399306}"
080fabc2-d650-48aa-b072-6f515d9e6206,pending,investment,ATM,10713.69,"{'latitude': -61.53552332350668, 'longitude': -40.3108744612569}"
30fced98-07f2-4632-a6b0-d9f8fd27f3dc,pending,payment,Bank,5330.56,"{'latitude': -35.80077264205971, 'longitude': 6.607011869466248}"
d1363bf8-637c-4df3-b15e-6993928c231f,completed,other,Bank,1189.97,"{'latitude': -39.3263722471783, 'longitude': -8.466684823225478}"
d92718a0-5239-4b52-b044-89678f8f681a,pending,payment,Bank,7435.4,"{'latitude': -64.09141751701986, 'longitude': -66.29186137022114}"
6d105f7e-b5e2-42d2-89dc-26ce1ca11588,completed,investment,Bank,3432.25,"{'latitude': 73.49298783615745, 'longitude': 109.42375485787221}"
e989d15d-4542-4127-a422-58c4a5a5a688,pending,other,ATM,4395.96,"{'latitude': -47.99294195083365, 'longitude': -88.07734903711672}"
9cf24e92-9239-4d0a-b6ed-de1441908a57,completed,payment,Bank,772.8,"{'latitude': 65.82710149015006, 'longitude': 65.10043273352281}"
c41784ff-9265-4cdc-88d1-062c1d7a015a,pending,personal expense,ATM,1716.0,"{'latitude': 85.13867775283515, 'longitude': -62.698531195525916}"
5edf641a-1f0b-4155-8c6a-a75da8ff363d,completed,personal expense,ATM,16919.14,"{'latitude': -16.677438773047683, 'longitude': 58.13937899448965}"
267a4b12-c841-4fdd-88c8-79a2691d4e20,completed,personal expense,Bank,312.34,"{'latitude': 88.93519277377146, 'longitude': 135.08842937030022}"
8d6d7238-beac-4f9b-ab6c-9ed54a9a4d86,pending,investment,Bank,143.06,"{'latitude': -79.76249305510017, 'longitude': -109.29416041149099}"
b955a552-8abb-4ca6-a15a-8c0691f01068,completed,payment,Bank,12432.95,"{'latitude': 86.14762725929913, 'longitude': -28.284869630061195}"
0716a436-6e84-4ce7-af12-fbf32a7447f2,completed,personal expense,Bank,1315.3,"{'latitude': 65.82847214972307, 'longitude': 118.40658762359618}"
06189bdc-e989-4791-9552-6df325785e0c,pending,other,Bank,370.84,"{'latitude': 6.910304688137842, 'longitude': -151.70283184361014}"
604c850d-eed8-4fb9-bb13-780f7e0d1617,completed,other,ATM,23765.88,"{'latitude': -42.44310809570488, 'longitude': 63.39225295842539}"
3337deed-7001-4a40-a4be-ca2976791468,completed,investment,Bank,4995.87,"{'latitude': -54.413396170769325, 'longitude': -112.80087736722096}"
694b8eac-cf40-4b2a-8797-fefef2a82db7,completed,personal expense,ATM,1312.57,"{'latitude': -69.60892794347217, 'longitude': 44.12822309703341}"
1f49f15c-c576-4719-bf5e-5852cac49057,pending,personal expense,ATM,13126.51,"{'latitude': -46.20309797617198, 'longitude': -146.43455421783386}"
d177e988-f97a-4e8e-9812-21b217223924,completed,payment,Bank,7247.23,"{'latitude': 21.51764718204261, 'longitude': -2.4501081867100254}"
1d1de709-9fa2-4a07-b643-b5531861188d,pending,payment,Bank,1348.19,"{'latitude': 35.8372236892361, 'longitude': 6.129331167448015}"
d7bce393-1949-4ee4-b20c-03164b496d7f,pending,other,Bank,20866.57,"{'latitude': 79.27311637305479, 'longitude': -32.81860651841157}"
d9f76072-030b-4a3d-9dac-841b55d3da22,completed,personal expense,ATM,24597.93,"{'latitude': 34.10108075757985, 'longitude': -58.69914575830856}"
5f4a635d-7a23-41a3-9320-aa482c9be300,pending,payment,ATM,1429.61,"{'latitude': 69.48072442969314, 'longitude': 23.5842245428029}"
c41d7bc3-4ee8-451d-849e-cad8b8833044,completed,payment,Bank,2633.47,"{'latitude': 9.232725775767392, 'longitude': 41.30572765982981}"
785a0667-450f-4563-a22e-9b2adfa15bc3,completed,personal expense,Bank,450.28,"{'latitude': 22.65678078724106, 'longitude': -91.21179558931637}"
592caa00-fd01-4d32-a4cc-8fe724909807,completed,payment,ATM,555.07,"{'latitude': -50.687290918199075, 'longitude': 59.239331708093914}"
f55cf9e5-5e1d-4536-befd-516838a422a3,completed,investment,Bank,9284.3,"{'latitude': -25.67201935036607, 'longitude': 48.33645979452672}"
66c86e4c-e6c0-41a0-a05e-987f6ee22bcf,completed,other,ATM,10834.54,"{'latitude': -18.02719408184197, 'longitude': 7.068769408103265}"
f8c890f0-8f5a-454c-a464-8860b9cc6737,pending,other,Bank,311.94,"{'latitude': 13.109714327609197, 'longitude': 11.574631243841367}"
06314146-6dab-4172-8853-00123b6d1c1b,completed,other,Bank,1442.12,"{'latitude': -87.71891195385321, 'longitude': -59.59930744173327}"
ff104f76-dc6f-4355-b968-486a88593fb8,pending,personal expense,Bank,80.06,"{'latitude': 89.06472719594245, 'longitude': -145.065802330152}"
c9f09cfc-cc69-4b2e-bb74-deaff1937819,completed,payment,ATM,2057.84,"{'latitude': -88.89927695146082, 'longitude': 15.972872650066819}"
3e412d5e-09b9-4a5f-a36c-4d8d1fcf3171,completed,personal expense,ATM,18850.64,"{'latitude': -30.388069879978524, 'longitude': -115.02521216779353}"
55e93fa5-ec9d-46a0-bfae-460cccaf0ce3,completed,payment,Bank,1911.3,"{'latitude': -19.367166167121354, 'longitude': -67.75987378868179}"
bca24b5c-81ca-4cba-a987-f2a2c2de6196,pending,other,Bank,3435.06,"{'latitude': 49.36784600527929, 'longitude': 38.34115666382786}"
0d13a7ac-bebd-48b0-b093-465c51e9db38,completed,personal expense,ATM,2431.83,"{'latitude': 75.55123535537936, 'longitude': -138.2134586262137}"
176de797-37bf-45b5-9e96-17c3ac13fb80,pending,investment,Bank,13956.94,"{'latitude': 78.840099670704, 'longitude': -51.602379459499474}"
2c5bc91f-b204-4667-99ae-e851c868177c,completed,investment,Bank,13819.75,"{'latitude': 69.27520481600811, 'longitude': -101.1017552877883}"
6b91597e-3d62-4716-b507-57f05f3c9f39,completed,payment,ATM,30451.18,"{'latitude': 49.93438581635459, 'longitude': 99.51864631111783}"
aad15b64-3330-4768-9e94-aa042145d58d,completed,investment,ATM,23758.97,"{'latitude': 62.31874377273522, 'longitude': 146.784483127312}"
b690e1ec-3881-4e58-830e-aa013558e6e9,pending,personal expense,Bank,3284.73,"{'latitude': 63.7261496597219, 'longitude': 32.058188612357156}"
775eda76-b6f2-4b5a-ac85-43b44d7367b0,completed,payment,ATM,1397.65,"{'latitude': -1.0531472906884431, 'longitude': 46.67432546270612}"
04e5fdff-1ec2-4b6d-a7a0-d58491505985,pending,other,Bank,4839.57,"{'latitude': 70.57817439587254, 'longitude': 77.36641219765073}"
b96ef80a-713a-44e9-b3de-6dcae10fc2a5,pending,payment,ATM,3525.82,"{'latitude': -10.028664772833892, 'longitude': -30.016661773143255}"
32b534af-43e8-4c24-a207-439a78ff71e4,completed,investment,Bank,14435.64,"{'latitude': 49.82140783181859, 'longitude': 142.52272264582177}"
d65691af-1e1d-44ce-bccb-3bcfc557ce9f,completed,other,Bank,17884.52,"{'latitude': 42.92871275590986, 'longitude': -129.4479866596321}"
2b76b92c-d124-4fe1-be61-0d68f38de477,pending,investment,ATM,1322.82,"{'latitude': -8.081545329787971, 'longitude': -131.46578158798016}"
d7617257-135b-46cd-a5c5-7ffbcc9fbb17,pending,personal expense,ATM,3201.31,"{'latitude': 50.08745437859821, 'longitude': -151.63014851278166}"
32f5bcb7-fa1f-4b2f-ab07-ed0bf1aad217,pending,other,Bank,9764.63,"{'latitude': -79.94018321134624, 'longitude': -104.08432108230141}"
382b1e8d-698c-4aad-9fd1-8d307c4df3cb,completed,other,Bank,13884.74,"{'latitude': -63.683174222481256, 'longitude': -113.38478540786966}"
83bd2270-8096-4c21-8cde-5e83cdaffdb3,completed,investment,Bank,3172.01,"{'latitude': -36.03609902982779, 'longitude': 65.36393764761218}"
73cd5770-e1ec-4694-a271-0e33a142cf2a,completed,payment,ATM,2402.14,"{'latitude': -43.083204997893255, 'longitude': -61.70041023323428}"
e0177201-afeb-442e-b5fa-4ef19fafc8ef,completed,investment,Bank,606.8,"{'latitude': 88.05840252227375, 'longitude': -168.76950695642296}"
41d9f6d2-8560-496d-b99e-d348c1218d96,completed,investment,ATM,2120.87,"{'latitude': 85.42254067933928, 'longitude': -147.60024990066438}"
f40d74b5-0ad1-4384-87bb-9cd49cce5fd0,completed,personal expense,Bank,2847.51,"{'latitude': -41.640171838851515, 'longitude': 22.57705518439107}"
e24a7de5-3348-49d5-bdf5-8012e3409fde,completed,payment,ATM,18478.15,"{'latitude': 9.715313628756775, 'longitude': 52.80842088690349}"
2c8db563-80a4-405f-8628-02023e197d47,pending,personal expense,ATM,2281.58,"{'latitude': -8.627854811296828, 'longitude': -170.5642242567166}"
f9c69308-5054-4b3e-b379-fe1ed3406c2c,pending,investment,ATM,46.86,"{'latitude': 24.66482428506174, 'longitude': 66.3294737951004}"
f710188b-9a17-48c1-9744-d488a7260087,completed,investment,ATM,208.17,"{'latitude': -14.117064040445328, 'longitude': -143.675747954553}"
432cabf0-16e5-4512-82e6-6fd14d00b700,completed,other,ATM,17725.61,"{'latitude': 9.670221046253559, 'longitude': -77.11044927855733}"
85525770-bbb0-447c-bb0d-af73951fc717,pending,investment,ATM,3795.83,"{'latitude': -36.22346173461594, 'longitude': -72.09410996257604}"
215c3902-d429-4ef9-b260-a9d7042ad5b2,completed,other,ATM,6064.0,"{'latitude': 41.38546888771566, 'longitude': 32.07385004268636}"
ca5f0596-79b1-4093-887d-3dd099c41740,completed,personal expense,ATM,4219.21,"{'latitude': 35.904027077756695, 'longitude': 44.058264856711475}"
7b66679d-6503-461b-9955-72a11a28cd23,completed,payment,Bank,4158.69,"{'latitude': 43.47329893161097, 'longitude': -16.09242194349045}"
e4f1e71b-e483-4991-97d4-9fbcf5066eb9,completed,investment,ATM,167.25,"{'latitude': 78.62766697827044, 'longitude': -53.02473625525673}"
692b9678-cad7-4053-99c6-256e4484fa80,completed,other,ATM,47.74,"{'latitude': 44.204211847571855, 'longitude': -51.03975372204221}"
272237f2-feb5-41b9-8781-75987b3e1093,pending,personal expense,Bank,20245.41,"{'latitude': -36.94306063984392, 'longitude': 49.0513973826786}"
758d56a4-c2de-4967-ade6-70099b8c7049,pending,investment,ATM,13190.88,"{'latitude': -50.185906004804956, 'longitude': -60.07527070621704}"
b73d1735-75c2-446f-866d-f519e4bd05f9,completed,personal expense,ATM,18809.35,"{'latitude': -58.9952332669108, 'longitude': -44.645397126193615}"
b414a44a-9a41-4285-8bb4-617a9e7e0ce8,completed,investment,Bank,5069.79,"{'latitude': -64.81271341791839, 'longitude': -84.29173792808288}"
24476448-c387-464b-9fe8-673b81ffca49,completed,other,ATM,501.6,"{'latitude': -64.8479678587749, 'longitude': 131.89913938997563}"
6f1cbcf0-bb27-4548-a7e3-50af8afdaa5e,completed,personal expense,Bank,7982.31,"{'latitude': 56.680112404455, 'longitude': 52.84544169674314}"
d481064d-c87a-4a06-8796-63610f344d29,completed,investment,ATM,3658.57,"{'latitude': -34.520717049764976, 'longitude': -8.552134725524098}"
06108af6-87aa-4471-bae8-f115ff8fc527,completed,investment,ATM,17298.1,"{'latitude': -3.207796290281877, 'longitude': 46.563436467244514}"
621ae791-5323-4751-92aa-19fc58efcaab,completed,payment,ATM,1705.06,"{'latitude': 0.29281953711694086, 'longitude': 75.28259607513576}"
634d30b9-b547-4483-ba42-a2eb2a90df37,completed,personal expense,Bank,2063.6,"{'latitude': 12.745764527381027, 'longitude': 164.6051654425765}"
45a4e79d-ee12-466c-947a-b07fdd64c020,completed,investment,ATM,923.77,"{'latitude': 41.6896707482573, 'longitude': -152.2758018831825}"
c42fb35b-7831-47b1-a22a-2c25cba66eb6,completed,other,ATM,8659.35,"{'latitude': 66.63048111897498, 'longitude': 38.23358883259391}"
557160ef-d359-488a-a0af-19f078f18fa1,completed,investment,ATM,18459.98,"{'latitude': -6.459216254324062, 'longitude': -78.51135736698028}"
ec2cce6e-fcf2-423b-bc30-b85e500a5b32,pending,other,Bank,1149.62,"{'latitude': 14.618201046428041, 'longitude': 109.32525385234129}"
d1388b2b-ef96-4f80-9f1e-4aab0b3266c9,pending,investment,ATM,10757.77,"{'latitude': 20.6355650058931, 'longitude': -155.3261519523351}"
210f57bd-5ea3-40b5-b194-700bc555c69d,completed,payment,ATM,1488.98,"{'latitude': 60.2122096829616, 'longitude': -178.99147458580933}"
ce6b69d6-c9c1-4141-b074-b974e3cdbe8e,pending,investment,Bank,1394.35,"{'latitude': 82.401063357661, 'longitude': -19.494372823663326}"
db0a082a-fdbb-4fb5-81c5-9d97a8fb4eb3,completed,personal expense,Bank,1421.42,"{'latitude': 87.26248556015662, 'longitude': 135.1216616035735}"
b7a58627-8134-4080-ae56-43ec61dd080d,failed,personal expense,ATM,206.5,"{'latitude': -78.42742403097252, 'longitude': 160.12351926875385}"
c3bd96fe-0317-4fe1-a8a8-b04b7e500277,completed,payment,ATM,191.95,"{'latitude': 61.39587066480604, 'longitude': 3.341237534810091}"
14acb1af-8527-45eb-9c92-e88bb18d6efd,failed,personal expense,ATM,8.43,"{'latitude': 67.03137677756933, 'longitude': -179.97871033829222}"
e67389bc-e225-4e5a-a696-78ad26066a3e,completed,payment,Bank,1.53,"{'latitude': -53.03539242075481, 'longitude': -86.8697532117042}"
f85ba97a-33d9-48dc-81be-f67911050cfc,completed,payment,Bank,6887.96,"{'latitude': -21.130694521462814, 'longitude': -84.07009213666889}"
93c370fb-c495-4c1e-9c31-1325323088ea,completed,payment,Bank,6066.69,"{'latitude': -46.77173810071172, 'longitude': -128.64936331322542}"
d176abf4-1e1c-487c-a025-a867caead1d5,pending,personal expense,Bank,661.11,"{'latitude': -37.708303431726776, 'longitude': -106.99027354536939}"
26be4c1d-a8a8-4b8b-b3cc-059ad0a047d3,completed,personal expense,Bank,8064.66,"{'latitude': -34.98317756236032, 'longitude': -148.471634915128}"
44f0ef4c-33a7-49f0-84af-8f809ca15fc4,pending,other,Bank,28394.65,"{'latitude': 81.55698416296013, 'longitude': 64.20393960379232}"
55648be6-28ab-4b1d-a416-b685a4bb366b,completed,personal expense,Bank,7219.71,"{'latitude': -23.906655451360848, 'longitude': 176.91879186373353}"
ef85cb83-c4a6-40f5-848e-9f3123fdbb8a,pending,other,ATM,10041.47,"{'latitude': -71.72839993028944, 'longitude': 142.49909510552823}"
2b38fc66-2d93-489d-9e69-3366a6337397,completed,investment,ATM,3877.08,"{'latitude': -54.36327736531918, 'longitude': -89.87254731529744}"
16c6e829-7d39-4254-9de1-a245bc3102c0,completed,personal expense,ATM,1585.2,"{'latitude': -38.95982121552038, 'longitude': 16.239986834626393}"
65b4fd15-3e31-473f-b27b-8fa847f7ee8c,completed,investment,Bank,18.3,"{'latitude': -77.03172349057616, 'longitude': -162.9886407691595}"
81c2f04d-5b01-49ba-b859-2acd8e75c403,completed,payment,ATM,1172.33,"{'latitude': -13.42656920735763, 'longitude': -27.523251572796283}"
1274953e-13fc-446b-9af8-a216e7d7700c,pending,investment,ATM,232.45,"{'latitude': 27.696784882434088, 'longitude': -130.10199884628489}"
c4726597-6075-4351-9b50-7ae7477dbcd5,completed,personal expense,ATM,1668.66,"{'latitude': 11.407917092789162, 'longitude': 162.96846419513548}"
3598e9da-8e7d-4888-8f18-1baca5a22753,completed,other,Bank,1517.27,"{'latitude': 3.7221498899238554, 'longitude': 16.341996260696277}"
03eef351-f10b-4e37-bda7-44044a48f402,completed,personal expense,ATM,5868.12,"{'latitude': -5.17862095331634, 'longitude': 66.92142573577289}"
48a82664-dce8-40b9-8988-136804da22f8,completed,personal expense,ATM,4824.82,"{'latitude': -53.953788235018436, 'longitude': -139.4913039265513}"
45091df0-7582-4e40-afdd-c2a860320c57,completed,investment,ATM,1289.75,"{'latitude': 20.899824065370467, 'longitude': -79.63990721564612}"
b55fc552-541f-498b-a8a7-7b91c375815a,completed,investment,Bank,2036.73,"{'latitude': -23.23142610594948, 'longitude': -38.34989444881336}"
49a6ef24-bb6d-4dd2-bb41-2723239854be,pending,personal expense,Bank,170.24,"{'latitude': -60.44415678648156, 'longitude': -45.36434819328798}"
20d5aa94-a2f3-496a-ba7d-9887db488ad7,completed,investment,Bank,8527.12,"{'latitude': -8.453818998315967, 'longitude': 176.65696057025207}"
415ae868-a422-4f8b-a0be-09c7d55a1e4b,completed,personal expense,ATM,5827.15,"{'latitude': -50.44405729630092, 'longitude': 170.36698477895476}"
da3c1287-64c5-4de0-824d-195a88587d11,completed,investment,Bank,289.02,"{'latitude': -9.467290632434512, 'longitude': -20.500940603414676}"
06f489ad-fc0c-41c9-a9a2-ef47842d2514,completed,personal expense,ATM,126.43,"{'latitude': -35.002936922857906, 'longitude': 173.11046828408985}"
891e9829-c80d-4f57-81a1-ce8a85dfbda4,completed,personal expense,ATM,28.79,"{'latitude': -58.61819658455768, 'longitude': -138.32736125503828}"
30f1b3cf-b5cd-4689-890e-1373babb74bf,completed,investment,ATM,23670.72,"{'latitude': -70.46117491076035, 'longitude': -138.70807317408102}"
6990de2d-de26-4935-a20c-736af257dd9c,completed,payment,ATM,7410.79,"{'latitude': 23.93093793263202, 'longitude': -17.43514293622073}"
2af9a6f0-8455-4f99-a173-b15ca1b4018f,pending,other,Bank,1918.54,"{'latitude': -54.67256443337074, 'longitude': 8.859315529883219}"
aff44130-a6b2-4f0d-99b6-64f7e4df50e7,completed,other,Bank,529.89,"{'latitude': -54.25880714073253, 'longitude': 39.57443743210192}"
5ad40a65-0280-489f-8683-9d9385bc80ef,completed,personal expense,ATM,5151.64,"{'latitude': -57.38396522867302, 'longitude': 28.800029692963676}"
30f11847-7df1-4b2d-a181-f7059d683539,pending,other,ATM,30355.92,"{'latitude': 80.34924776848638, 'longitude': 40.166371438102146}"
f135f249-f8bf-4054-893f-44302198729b,pending,payment,Bank,29884.28,"{'latitude': -53.27241229903553, 'longitude': 124.36328834846586}"
a9eaffe6-6fda-4076-8d97-0356d3a91dfb,pending,payment,Bank,21472.36,"{'latitude': -47.50872955240107, 'longitude': -87.49326539094247}"
52834ad2-fe2c-43c8-a93d-ddfeed6e2d26,completed,payment,ATM,18007.24,"{'latitude': -59.428692090699904, 'longitude': 1.6058472500310188}"
5e1fbd67-da01-4038-975c-60bce80b2f99,pending,investment,ATM,219.35,"{'latitude': 55.29810170822563, 'longitude': -147.29975445574135}"
245aca71-7d41-41ea-a621-60230da076cc,completed,other,ATM,623.1,"{'latitude': 8.82507819642278, 'longitude': 0.3258673823871163}"
a791b650-2875-4b79-86e2-14f8b10a1777,completed,investment,ATM,4847.96,"{'latitude': -78.27267072340943, 'longitude': 92.0023262069318}"
87e1287f-c319-4a2d-b696-5aa485a33ed9,completed,payment,ATM,7839.16,"{'latitude': 50.880920152414035, 'longitude': 137.57256621553034}"
79e4f7e9-75ff-466f-b613-2520cfb0ca31,completed,other,Bank,5331.31,"{'latitude': -11.547039795121023, 'longitude': -78.95730082065354}"
ba871414-0fef-4824-bf41-667cafbde09e,pending,payment,ATM,1075.13,"{'latitude': -61.37028388509924, 'longitude': -62.31878832975238}"
e9e2aa2c-fe2a-425f-a02d-fdc4dd4bb947,completed,payment,Bank,728.83,"{'latitude': -44.163679540860976, 'longitude': 63.3728680064811}"
2cb961b0-35e1-40a7-9564-74f094426a5e,pending,investment,Bank,879.07,"{'latitude': 6.065260729619993, 'longitude': 48.220861815200834}"
58f9fb4a-8f50-4904-8157-2d2d91b086c5,pending,other,Bank,437.76,"{'latitude': -4.037798148316952, 'longitude': 102.6855362804393}"
4bad299b-dc24-436e-8d8f-1cf25db92e54,completed,investment,ATM,2611.17,"{'latitude': 74.79612018830525, 'longitude': 179.89086137437187}"
c087a55c-0488-4a43-a439-c83ce45b33dd,completed,personal expense,Bank,1954.66,"{'latitude': -86.27658117037987, 'longitude': 33.55029233885037}"
6ac2a77d-2bef-473c-9260-4ae9ad2f63c6,completed,investment,Bank,2178.9,"{'latitude': 84.20951300974716, 'longitude': -101.78132970674794}"
c0e96d63-bb80-4979-8726-d2ffef057a21,completed,investment,ATM,11.07,"{'latitude': -85.31393725358845, 'longitude': -172.3423245814285}"
48269cec-d077-4b49-a3d5-3bcc5170bff8,pending,investment,ATM,1.75,"{'latitude': -66.6022155650251, 'longitude': 168.86065767935912}"
9514ddbf-fed2-4737-87e8-4d19d4c47385,completed,other,ATM,1339.01,"{'latitude': 12.704277594239173, 'longitude': -29.520847566815235}"
51330131-4be1-4fbf-8677-0f28dc385685,completed,personal expense,ATM,1688.82,"{'latitude': -61.3051110806743, 'longitude': -123.41057590593203}"
930fe6e4-fb27-49da-ae5a-7e3fbf19654f,completed,investment,ATM,444.64,"{'latitude': 17.463740815115642, 'longitude': -75.16423651252924}"
91504489-b48a-4e66-8c15-b8c5eae402bc,pending,other,Bank,223.95,"{'latitude': -18.329340795837524, 'longitude': 12.230467825708757}"
6264e9a0-8bf0-4879-9f32-28152fb9cbec,pending,personal expense,ATM,399.49,"{'latitude': 78.07134018395172, 'longitude': 37.04889447283435}"
e1d57294-ad14-4fab-8fe5-ac9e0eba06f0,pending,other,Bank,171.08,"{'latitude': 67.88319352972931, 'longitude': 43.392527508937974}"
4207b8a0-043d-4502-a81a-3e9dcd6e562f,pending,payment,Bank,19027.82,"{'latitude': 1.043312946894872, 'longitude': 108.78478223380182}"
2f91657e-dd42-4123-89c2-f7cf99aacbf6,completed,personal expense,ATM,35522.27,"{'latitude': 26.495815248898367, 'longitude': 104.89118887178194}"
d565b515-5ff7-4ba8-91db-1289dfada3c9,completed,other,ATM,4722.42,"{'latitude': -24.57985574335663, 'longitude': -73.0331373137805}"
d846dfce-442c-4b5a-9673-12c320e247dd,completed,payment,Bank,4.96,"{'latitude': 66.7365733060694, 'longitude': 20.35131539110469}"
d13ae598-6abc-47fa-afb4-1aa4302164b7,pending,other,ATM,4904.43,"{'latitude': 38.55511334509916, 'longitude': 103.64962758480164}"
df6f1026-1072-44cb-8a6b-9a219407b1c9,completed,investment,ATM,6680.45,"{'latitude': 77.05322418499895, 'longitude': 159.00122884101006}"
1a6bf2a3-e986-4be2-ad69-b7b5f7262b0d,completed,investment,Bank,4860.09,"{'latitude': 13.419827540068297, 'longitude': -169.28829971073387}"
6648a771-d4fd-4f32-a2ee-82fe3ae60bed,pending,investment,ATM,3118.23,"{'latitude': -53.196210486066335, 'longitude': 21.473764888285245}"
ece0f7e1-ac38-425d-b1a0-e52118d78eb1,pending,personal expense,ATM,7248.04,"{'latitude': 77.27918894629468, 'longitude': 22.292742306567078}"
580c5f23-6675-44fe-bc83-cf175e8c737e,pending,personal expense,ATM,5821.04,"{'latitude': 67.28919697848133, 'longitude': -109.87716007192216}"
32664dcf-fe05-4c3d-ac0f-c746ccd1805f,completed,investment,ATM,13120.86,"{'latitude': -45.01136006866068, 'longitude': 44.01563772615103}"
128902a0-6c83-44ba-b88c-7337eeeb10f7,completed,investment,Bank,5820.89,"{'latitude': 30.064936135116653, 'longitude': 21.62573034129076}"
705d8232-52c4-4519-afc3-2ba81a7bb86f,completed,investment,Bank,94.57,"{'latitude': -8.663460909958843, 'longitude': 73.76283023195481}"
ba27a5c0-e096-475c-9824-43f012ff90ae,pending,other,Bank,1199.01,"{'latitude': -47.04635365469207, 'longitude': -152.47260781790064}"
9e30b64f-aa9a-406e-b94e-807b8d0b1c44,pending,payment,ATM,27869.19,"{'latitude': -27.410912932964337, 'longitude': 83.41081811631756}"
3910170f-02de-4e24-9ef0-8478235fe87a,completed,investment,Bank,36016.78,"{'latitude': -9.62327895566041, 'longitude': 126.97080168273453}"
d32b7fc6-371c-4e37-aa35-6f58c7d7ad5e,completed,personal expense,ATM,28198.29,"{'latitude': -71.75427844472007, 'longitude': 39.40550897154898}"
7477ae1a-54d0-4d32-84c9-790a8baa7d5b,completed,personal expense,Bank,9013.81,"{'latitude': -57.644817334396286, 'longitude': -85.66631306123293}"
b300017e-85fe-4f64-941d-b954aceb76a0,completed,other,Bank,204.5,"{'latitude': 83.14501426990824, 'longitude': 3.1096159176543097}"
bd8d48b7-a71d-4f5b-8ff3-2eac6a0509f6,pending,other,ATM,452.2,"{'latitude': -83.79234379260669, 'longitude': -94.9141118544729}"
2496724d-93d7-4ab0-9130-3fc5870aec63,completed,personal expense,ATM,410.78,"{'latitude': 46.82008026837855, 'longitude': -63.411922564351585}"
d1e8e830-749c-4122-8b65-c7c9e2a8efae,pending,payment,ATM,20177.05,"{'latitude': -9.02083203961729, 'longitude': 80.80718828169546}"
7b046700-c6be-41d3-b5a2-1c2886d5120b,pending,other,ATM,23127.7,"{'latitude': -10.5718949855479, 'longitude': 34.08883466975993}"
488ed798-4a8a-4c3d-87b5-a8289e0697eb,completed,investment,Bank,5260.67,"{'latitude': 31.74055291604725, 'longitude': -135.00385221678732}"
516c1720-c7d3-4590-8b05-bb4cb3f944e8,completed,other,Bank,7915.62,"{'latitude': -66.98339617897935, 'longitude': 1.3383897985756334}"
762f0b97-3e70-4b3c-b31b-5e02138ff438,completed,personal expense,ATM,8240.67,"{'latitude': -44.01241344953825, 'longitude': 116.73417315811184}"
8a0d297f-4d9f-4668-9a17-ec1484c36a0e,completed,investment,Bank,5468.71,"{'latitude': -60.769597220313855, 'longitude': -7.778628396740203}"
be8b58fc-a653-4ed4-bfb8-748c08d1b81f,pending,personal expense,ATM,1424.74,"{'latitude': -29.256321317881635, 'longitude': 160.70481097073196}"
22ad8384-d6e0-4bed-bc46-7aabac8e07cf,pending,personal expense,Bank,11331.42,"{'latitude': -56.88535115810398, 'longitude': 169.85646179328478}"
a2ba913c-53fa-4bd9-9666-46d702b4de7d,completed,personal expense,Bank,6701.36,"{'latitude': 62.56241039707584, 'longitude': -23.86901548175601}"
7dcc83fd-1267-4609-958c-9c401651f459,completed,personal expense,Bank,9687.65,"{'latitude': -45.93616662120321, 'longitude': -141.99565788630818}"
49777e00-ec46-4604-8c52-839542aaf1a7,completed,personal expense,ATM,179.42,"{'latitude': -55.5198007948967, 'longitude': 141.34827043365817}"
1641ab25-2a4d-4807-ad41-44fd7e570ea3,pending,investment,ATM,5306.82,"{'latitude': 13.673952621612457, 'longitude': 113.77691341068606}"
d2ec3c9b-82af-4730-abf0-b1fab0db15bb,pending,investment,ATM,8989.9,"{'latitude': 87.20834010385997, 'longitude': 115.97983527916199}"
85673e81-94db-41fd-b9a9-69c3a17bd037,completed,investment,Bank,123.68,"{'latitude': 60.174450975020164, 'longitude': 128.49670300744413}"
e5a027a3-93dc-4e3c-9472-9d154b75c11e,completed,payment,ATM,19732.74,"{'latitude': 32.94451342996841, 'longitude': -36.93958283829423}"
0ae19ec0-6cbe-4b06-9ee7-b5da54d98957,pending,payment,Bank,27786.94,"{'latitude': 85.96193854418001, 'longitude': -7.718923315991589}"
7a91dddb-6be2-443e-8b40-f1d59b661821,completed,other,ATM,29084.97,"{'latitude': -19.474666774449318, 'longitude': -125.7881438017705}"
3a5e4c9c-1f8a-483c-a461-639341b93b67,completed,investment,ATM,2763.8,"{'latitude': -22.578831517568133, 'longitude': -32.00355972978136}"
d21237b0-3147-451b-b73a-fecf75533835,completed,other,ATM,43.69,"{'latitude': 34.1445963647604, 'longitude': -9.081495284180676}"
6c6bdab2-660d-4b7a-a6af-9a0355c1eb32,pending,payment,ATM,20963.12,"{'latitude': -70.5322568251041, 'longitude': 109.88073845542806}"
0a1c447f-c0f6-4c6c-ba39-d1e167cc3d2e,completed,payment,ATM,9890.11,"{'latitude': 25.027758649509096, 'longitude': 23.58905968130884}"
44099bc1-dec2-46de-ab63-1c4bb011295e,completed,other,ATM,8325.19,"{'latitude': 81.73056615750045, 'longitude': 173.1827233979929}"
91aef51e-fd56-4d55-b199-1cf2a681b296,pending,payment,Bank,25.15,"{'latitude': -30.542952038374104, 'longitude': -59.13091302409073}"
cbc04b7c-3e7b-4e5e-ba45-7a8720dc4120,completed,investment,ATM,24179.71,"{'latitude': 70.72028306807417, 'longitude': -16.39368402660139}"
d2662d23-e89b-4381-8d73-3f6c91213a95,pending,other,Bank,4954.71,"{'latitude': -83.25678895891558, 'longitude': 126.89064054497982}"
bcc7cb94-cbfd-4d61-9879-2575566fadc4,pending,other,ATM,3117.43,"{'latitude': 13.881846532411572, 'longitude': 96.46301672756641}"
58665642-20b7-40ca-9c50-0656a518a6d8,completed,investment,ATM,4743.64,"{'latitude': 60.43598250041879, 'longitude': -16.17442939698924}"
c1247ed3-40a2-4801-9e5a-ccf66c38618f,completed,payment,Bank,1045.2,"{'latitude': -37.00687569624155, 'longitude': -9.645530227385393}"
20d9e78b-fc1c-4125-88c7-276f34537b3d,completed,investment,Bank,109.47,"{'latitude': 21.86178255040565, 'longitude': 120.03374635101204}"
17fa23fa-e1e5-495c-990c-e121ab76444d,pending,payment,Bank,32504.27,"{'latitude': 28.932892588779026, 'longitude': -69.5407111537921}"
c048e22b-074f-4378-9421-3eb34049797e,completed,personal expense,ATM,9645.98,"{'latitude': 1.500962631244093, 'longitude': 102.68813620176388}"
be5d6e47-f130-407c-90d7-f9063b75ca98,pending,payment,ATM,5959.72,"{'latitude': -79.78809697531318, 'longitude': -129.41550153488902}"
3f4fc2ac-f7ac-4df6-94de-20651feff4c7,pending,payment,Bank,23232.09,"{'latitude': -14.769214262820014, 'longitude': 42.92596820236008}"
4929af4b-e773-42bb-95f4-711e902f5ec4,completed,other,Bank,5939.03,"{'latitude': 2.015850422411077, 'longitude': -5.320051120439189}"
2cbd4f3a-81e2-4cc5-b975-268922b547f1,completed,personal expense,Bank,6075.55,"{'latitude': -53.426998639249, 'longitude': 54.7656409661669}"
c8bf206a-050a-4183-a21e-70b58f73c43a,completed,investment,Bank,7999.67,"{'latitude': -86.47543496910934, 'longitude': -64.66433785270301}"
4ab4aa8d-5355-4dfe-91e3-51d8028678af,pending,personal expense,ATM,17918.24,"{'latitude': 11.663647256120143, 'longitude': -144.30383858091778}"
2dc417cc-ad10-425b-8e26-00c525f56618,completed,personal expense,Bank,22022.47,"{'latitude': 29.778528548918814, 'longitude': -41.444953565107994}"
d85a886f-16f6-450f-ae25-61acade076f8,pending,personal expense,Bank,1233.28,"{'latitude': -54.764727193632105, 'longitude': 84.71162320284526}"
552ec2bd-476e-4452-a8c3-4ceb3c6d139c,completed,investment,Bank,824.72,"{'latitude': -53.175107912842, 'longitude': 104.58471777300929}"
46810ee2-e13a-471b-9fe8-8805a85022b9,pending,payment,ATM,990.95,"{'latitude': 47.0201668806709, 'longitude': -118.72221327685185}"
de7d6163-3e32-4859-a9f8-d4256bbcee28,completed,investment,ATM,22098.22,"{'latitude': 5.613296988650021, 'longitude': -41.56113538312772}"
a0da9672-b72c-4e01-bc73-105b392b6379,completed,other,Bank,351.2,"{'latitude': -62.00076062559523, 'longitude': 164.82360110985235}"
690e5045-2eb4-4163-958d-9d4bef938a08,pending,personal expense,ATM,4594.07,"{'latitude': -16.633177597073256, 'longitude': -119.47745751242553}"
bddc8ae3-7849-422b-94d2-298308116102,pending,payment,ATM,41405.04,"{'latitude': 66.68636489199602, 'longitude': 112.44336143187587}"
d2c01567-6b08-4fb9-9801-f5cce7a1ce2f,completed,other,Bank,3588.04,"{'latitude': -16.680533159449425, 'longitude': 170.2104668546615}"
0ad6e41f-5f4c-46e3-8bea-d1f670a19a58,pending,payment,Bank,653.98,"{'latitude': -55.899764019884095, 'longitude': 104.4614160744091}"
e08eef15-1f6c-4bd0-a8bb-6a4db56c039f,completed,other,ATM,239.0,"{'latitude': -71.61519727954432, 'longitude': 39.07062540907782}"
45f13818-ca6d-452d-a9d0-57bc6126ee2b,completed,personal expense,Bank,24450.81,"{'latitude': -73.45260689834848, 'longitude': -8.444867231759702}"
d65fea9f-ae9f-4a07-9ad9-64c816224753,completed,investment,Bank,13890.96,"{'latitude': 38.67516378977942, 'longitude': 1.2924092705532644}"
f21e295f-3525-4f25-a7d1-aa20c8706378,completed,personal expense,Bank,10142.52,"{'latitude': -24.093100286758826, 'longitude': -39.05440507827379}"
32813166-481c-483b-9f37-c91629239c05,completed,payment,ATM,12441.43,"{'latitude': -39.3265729212511, 'longitude': -173.89252972422068}"
2532f5d2-a78b-476c-bc96-e2a909d71fe0,pending,personal expense,ATM,139.36,"{'latitude': 7.849947199633576, 'longitude': 22.931404778830228}"
06383749-665d-4ffc-b8ee-a6a6e63cf43f,pending,other,Bank,15362.3,"{'latitude': 67.36067407906322, 'longitude': 99.08689759883015}"
39f881d9-60b4-4732-8aba-e0bda9ae14f1,completed,personal expense,Bank,19658.37,"{'latitude': 38.069469975073474, 'longitude': -91.1659321330649}"
b2e6ba2e-1144-440b-86a8-2c048ca37041,pending,personal expense,Bank,34258.18,"{'latitude': -42.95819969519505, 'longitude': -30.51324050221868}"
612e3b98-4bee-4e21-b531-dd2ae30107f3,completed,personal expense,ATM,679.78,"{'latitude': 84.89260923462459, 'longitude': 57.73151437011501}"
ead5b673-6a5b-451e-b4a5-b303c14887ad,completed,other,Bank,15885.07,"{'latitude': -50.14157823259203, 'longitude': 57.88306345124104}"
17d2686c-37d6-476f-afff-bed17eeaeefb,completed,other,Bank,909.96,"{'latitude': -74.55364343659498, 'longitude': 172.4866455557862}"
aecc46ac-b8d7-4a6e-a391-2aceaa673d8d,pending,personal expense,ATM,7167.78,"{'latitude': -53.846734935386905, 'longitude': 73.49865230257251}"
447219c8-a728-42d4-997d-799b5d2984ee,pending,personal expense,Bank,29580.59,"{'latitude': -87.56564734278405, 'longitude': -22.253364085436033}"
37afa16a-99d4-4c27-b0fa-ed26d0bcb247,completed,payment,ATM,11271.5,"{'latitude': 4.350906660121268, 'longitude': 16.097441282951706}"
b55a1898-fd4f-4555-8573-9bbd347e05ca,completed,personal expense,ATM,8138.84,"{'latitude': -25.636131512611115, 'longitude': -56.97329544007263}"
1d774046-f8d9-4bc2-80f0-29f27d45de48,pending,other,Bank,1272.22,"{'latitude': -86.90708179726767, 'longitude': -66.16841463018753}"
ae952677-bd85-48ed-b9e4-461e62e6a21b,completed,personal expense,Bank,3878.53,"{'latitude': -38.70585234350944, 'longitude': 80.86324322441408}"
c94d01c3-c515-423e-b33b-6b79ce1afabd,completed,other,Bank,9032.89,"{'latitude': -36.3911929369403, 'longitude': -147.1544700954978}"
ddd8e5fc-7fea-4014-9652-d244f93dd51f,pending,personal expense,Bank,1888.74,"{'latitude': -24.163664313168397, 'longitude': 171.15448024304857}"
21ccf463-6e52-45e7-83a9-4c51dfa07ca2,pending,investment,Bank,1619.53,"{'latitude': 33.20764384915702, 'longitude': -40.218793659666034}"
2a608d19-4712-475e-a4eb-d2aff7717bc5,completed,other,Bank,1616.57,"{'latitude': -13.541486477008533, 'longitude': -140.8933616058809}"
939069e4-b014-4d6c-b333-0cdf9f075971,completed,investment,ATM,323.32,"{'latitude': 79.33809345491025, 'longitude': -42.655717022184774}"
431bf1df-e4fa-47f2-9cf8-51820e80774b,completed,payment,ATM,15166.01,"{'latitude': 45.79878799422377, 'longitude': 32.3530148273683}"
1ea761f0-2016-4c22-8a92-4cd0788b1063,completed,other,ATM,12996.91,"{'latitude': -26.28018717942986, 'longitude': -45.05965423700164}"
e9d5b8b4-acc8-4953-976e-609a521fb1a0,pending,other,ATM,7844.6,"{'latitude': 50.8786676770429, 'longitude': 166.4529207595054}"
b9556f43-6f36-4123-829f-fbfa567ac67a,completed,payment,ATM,4977.04,"{'latitude': -29.08621095645698, 'longitude': -76.32621334348914}"
aaa5b3dd-930d-45b2-9005-08aa450eb900,completed,payment,ATM,15780.76,"{'latitude': -52.295577786125435, 'longitude': -27.351951806619837}"
90cc96f8-51ac-4b9d-a952-b1ee9f8a9e53,pending,personal expense,Bank,2998.51,"{'latitude': 58.4518310758599, 'longitude': -42.9003834791005}"
27093c15-c1b9-47a2-a5e1-eda6a01882bb,completed,investment,ATM,19187.53,"{'latitude': -84.17818440246432, 'longitude': 41.464165663249304}"
e43b1014-3c17-4be4-b7ce-cc4e5674e187,completed,other,ATM,18630.65,"{'latitude': 88.45592797297368, 'longitude': -50.25349225292865}"
8b59ddd5-26af-4e8a-a1f0-090a1d9f2259,pending,investment,ATM,8174.64,"{'latitude': -13.235853476377343, 'longitude': -33.42844559009015}"
0118b1a0-db5a-4fa8-91f0-1c695ca91bff,pending,personal expense,Bank,4546.33,"{'latitude': -9.224178575917932, 'longitude': -105.87149844768479}"
b32023cd-47ef-43a6-951f-b6f21ee7be42,pending,investment,Bank,10382.95,"{'latitude': -31.334666250635244, 'longitude': 25.6325588369792}"
a92f0b56-9902-474f-8401-4312cd72b957,pending,personal expense,Bank,1848.37,"{'latitude': 77.4944888247675, 'longitude': -134.39684275998312}"
97abe0fc-fde7-4526-82a2-c57751858b99,completed,payment,ATM,22490.89,"{'latitude': -46.45286546115986, 'longitude': -153.08945471328863}"
3ca7fcb8-61fd-4c64-a240-d14ced2cd436,completed,other,Bank,7076.98,"{'latitude': -60.45566405569916, 'longitude': -110.76123091740104}"
98e393a3-7935-4fe8-8226-09cb78f3b532,completed,payment,Bank,5723.67,"{'latitude': 44.33111508361105, 'longitude': -107.75453722809502}"
0798fd28-4a63-4ce8-a2d2-2411d2f94d82,completed,other,ATM,1429.97,"{'latitude': 47.889473525593445, 'longitude': -52.492471562555366}"
f606981c-bdb1-4fa0-a5e8-33364ac20b42,pending,personal expense,Bank,6222.11,"{'latitude': -33.58845414311313, 'longitude': -84.77147099368261}"
d14d1541-6621-41eb-961a-6a7445e492f5,completed,payment,ATM,7908.45,"{'latitude': -15.59993959589228, 'longitude': 144.06194234039015}"
db1ef121-37dc-4be0-93be-7396c082eea8,completed,investment,ATM,15648.05,"{'latitude': 59.55445797540028, 'longitude': -52.55551363527873}"
4895fc3f-6486-4846-aedb-6e381fcab489,pending,personal expense,Bank,442.79,"{'latitude': 86.67308534786827, 'longitude': -23.91188794735345}"
b4a4f3d4-4202-4e86-9955-5ba539080557,completed,investment,Bank,10560.57,"{'latitude': 15.747821857097804, 'longitude': 111.1546516209994}"
f1174a0e-a068-44ad-99d2-12878782923e,completed,investment,Bank,628.81,"{'latitude': 28.03965534540518, 'longitude': 29.024489274499444}"
91fdb254-0da6-4871-b20e-c2df7d0a3431,completed,payment,ATM,1953.88,"{'latitude': -28.233550985583868, 'longitude': 117.98470139237384}"
e17fe548-5b6a-4e7a-908c-73a62cb2bc60,completed,investment,ATM,1084.64,"{'latitude': -58.59526249402023, 'longitude': -21.929034112526892}"
bdd7ead0-8ede-4fb8-8363-6ca844023c7e,completed,investment,Bank,612.37,"{'latitude': 29.24495427831802, 'longitude': 17.65904637731964}"
31245663-5166-4c85-a44e-de04615f9e78,completed,other,Bank,94.73,"{'latitude': 60.580750259703336, 'longitude': 174.39875065080395}"
69f50c9d-c6de-47e1-ba03-dbeec7e3dc0c,completed,payment,ATM,15657.55,"{'latitude': 18.6685676922084, 'longitude': 18.748202159994378}"
0b7663a3-af7d-4652-bb99-dd1e7e321d9f,pending,payment,Bank,6699.27,"{'latitude': 66.96980135035352, 'longitude': -124.11607605962064}"
52aae8ff-cc4f-4ed0-ac71-2d37bc774693,completed,other,Bank,2410.31,"{'latitude': -85.04587498775936, 'longitude': 174.10878741558304}"
5bf6426e-dd96-404b-8d3e-f2b16ce28ba3,completed,payment,Bank,197.75,"{'latitude': -4.417308708401961, 'longitude': 57.43392319076915}"
b4d8cc77-552f-4bc2-978f-b71c2c84ffad,completed,other,Bank,56.64,"{'latitude': -56.69042255153227, 'longitude': -94.3997514158866}"
9ce5fca8-8caf-419a-a7ed-d3b72403b9d5,completed,personal expense,ATM,563.94,"{'latitude': 37.56201057013939, 'longitude': 90.74997340733228}"
2e517678-a942-41da-ac62-e816c51e94ce,pending,investment,ATM,116.87,"{'latitude': -86.53716921653572, 'longitude': -154.73389777031122}"
3b1745cd-5bc2-4941-96ff-3a0184a3af5a,pending,personal expense,Bank,1153.77,"{'latitude': 69.4445281769114, 'longitude': -171.3943297150019}"
cb0d7b3e-42bb-45ed-932c-3bfd4145cbd8,pending,personal expense,ATM,6495.6,"{'latitude': 7.063725895486172, 'longitude': -83.62079100366326}"
e0887b71-2cb2-4dca-8aad-69da81a63602,completed,payment,Bank,1579.34,"{'latitude': 77.70318400181401, 'longitude': -99.95280050048198}"
b79297aa-647c-4866-b9d6-e564cbc1bd89,completed,investment,Bank,336.85,"{'latitude': 36.44583373937381, 'longitude': -159.89991824711385}"
02676552-c6d2-4569-aa42-0ed25aa1b042,completed,investment,ATM,3599.94,"{'latitude': 31.030963893829366, 'longitude': 46.89840939087648}"
1f656311-d5b6-4e2e-b50c-b776acbffe78,completed,personal expense,Bank,18289.45,"{'latitude': -83.90541282123142, 'longitude': -107.83769554660866}"
418440b6-925e-403f-a1af-3387421d2e96,completed,payment,ATM,11480.3,"{'latitude': -67.08844018529206, 'longitude': 6.230744910318862}"
63c170f6-adac-4c63-9ada-2e4842744a68,completed,personal expense,ATM,4375.01,"{'latitude': -31.475064016115155, 'longitude': 146.06159937957136}"
0a9c8116-5de5-4db5-82b6-06077607eb8b,pending,investment,Bank,12158.18,"{'latitude': -29.53610911799599, 'longitude': -69.2283495954926}"
72b5831f-712f-4fb7-92c0-06bb971c518b,pending,other,Bank,33111.43,"{'latitude': -62.79839713100417, 'longitude': 175.74441032842384}"
6f8f50da-ad9b-448e-9a1d-ad49d1d77823,pending,investment,Bank,25849.79,"{'latitude': -28.11262454555427, 'longitude': 126.3031689127343}"
ab6b6675-9798-44a6-a168-15b198e45d91,completed,payment,ATM,7125.18,"{'latitude': 54.42136250725861, 'longitude': -155.75135766107496}"
519cf15c-37d7-4682-bbc2-e3cf0816b777,completed,other,Bank,19632.77,"{'latitude': 37.460371828725954, 'longitude': -91.86107798487281}"
156e9405-74b6-4db5-aab5-985714ee3cce,completed,personal expense,Bank,2693.18,"{'latitude': 59.961751416546605, 'longitude': -145.29216843283743}"
c4f3ae22-ed3d-43d0-bf54-eb15e6dd1af3,pending,other,ATM,8750.11,"{'latitude': -13.829469832641422, 'longitude': 155.81540503565168}"
b4e90a40-0bbe-451b-a9f9-a359ed140f0e,completed,investment,ATM,7274.2,"{'latitude': -79.58927021666923, 'longitude': 61.967398820690306}"
fa04a78e-7278-4a63-8cad-8c8a2bc86d6a,pending,other,Bank,25171.65,"{'latitude': -61.171564635140044, 'longitude': -166.97085351748694}"
a9816383-9ad7-4575-af34-1cbdafe8c261,completed,investment,Bank,48831.98,"{'latitude': -85.26698196663459, 'longitude': 83.12926478336828}"
71679305-48ee-41c5-8ae6-b1a344869e57,failed,personal expense,Bank,7.98,"{'latitude': 70.88351455755182, 'longitude': 166.8846060577663}"
02973ace-f875-4d2f-ae0b-42c1f9bfccb5,pending,payment,ATM,10211.8,"{'latitude': -81.40053306902266, 'longitude': 13.741930420810917}"
80b6ea65-f701-4628-97d0-974cb4de013b,completed,investment,ATM,7110.9,"{'latitude': -75.19826326356343, 'longitude': 147.91355568690187}"
19757bde-141e-49b8-b330-24f7bb89cf02,completed,payment,Bank,94.63,"{'latitude': -64.42140098245736, 'longitude': -19.567321882626203}"
b7118985-c37b-460e-a1ba-5808e9a715a2,failed,payment,ATM,7.35,"{'latitude': 43.88096974787777, 'longitude': 168.51440197624845}"
27af1283-f908-4af0-afdd-29b7508bee79,failed,investment,Bank,4.45,"{'latitude': 78.31936028048631, 'longitude': 89.73738639413762}"
d1c6b909-1aba-4859-924f-dd6b39bf6114,pending,payment,ATM,23271.07,"{'latitude': 11.736733778273745, 'longitude': 39.50607203059809}"
7c159e46-769f-48e1-a940-ea380b520c82,completed,other,ATM,9528.46,"{'latitude': -5.416567902819693, 'longitude': 55.54619023210904}"
a14cbee7-732e-41fd-956f-fb35c1496945,completed,other,ATM,827.91,"{'latitude': 84.95922441921775, 'longitude': 119.14451703130146}"
745e5268-359d-4354-81ec-ee12e0446b6d,pending,investment,Bank,3459.75,"{'latitude': -62.068083740774, 'longitude': -119.34878071453012}"
8afdbcb1-e517-4f36-800d-94d49221f88b,pending,investment,Bank,10041.81,"{'latitude': -10.935432667989872, 'longitude': -152.4483048451516}"
4e6cf3df-0d14-4086-8379-3dd5aace1197,pending,personal expense,Bank,46383.79,"{'latitude': -5.9252928254085475, 'longitude': 29.912592670436652}"
9795cc54-0be3-4d34-b5c0-b81c97b43678,completed,payment,Bank,13033.81,"{'latitude': -33.00795152667244, 'longitude': -150.74966414434908}"
95d60f06-b13c-41a5-849d-49ede708018a,completed,investment,ATM,15988.44,"{'latitude': -84.63698238999483, 'longitude': -84.14151698942241}"
c233133f-8b5f-4bf6-bd27-4419fd7d24f7,pending,investment,ATM,207.88,"{'latitude': 27.27462997464042, 'longitude': -65.15969348812737}"
b5ceb2c7-8fae-4026-8c29-013df7efb5b7,completed,personal expense,Bank,17997.12,"{'latitude': -79.50590311356335, 'longitude': -11.787574988921762}"
426e4241-199d-4aa5-a087-5e73a97239fc,completed,payment,Bank,9321.02,"{'latitude': -19.958791849428863, 'longitude': 31.068828482348295}"
2b64150e-e0cc-44ea-9502-7b1e479bbc78,pending,personal expense,ATM,4903.95,"{'latitude': -71.90611015098942, 'longitude': 41.9295493406197}"
4a315f6a-2bd3-4e5a-9010-c61c1abb8da7,completed,investment,ATM,7837.38,"{'latitude': 70.49664494098647, 'longitude': -126.5299742288172}"
37d37b2e-2425-4791-8a5d-cc97d2704215,completed,personal expense,ATM,252.56,"{'latitude': 38.55165785483268, 'longitude': 19.218588665078528}"
84cbbbff-d57c-40da-98cd-0a007701d235,pending,investment,ATM,2214.06,"{'latitude': -38.81306786212701, 'longitude': 37.48408779492877}"
06767205-350f-4e63-bbbe-4715a65e94e4,pending,investment,ATM,2213.82,"{'latitude': 36.131021681824194, 'longitude': -72.47735475455715}"
97d59e85-ca5b-46e6-ab5a-f2aef1552c4c,pending,investment,ATM,687.24,"{'latitude': 65.4102625406972, 'longitude': 8.171291514647066}"
d07f2036-8809-4179-b767-b88b11147f81,completed,payment,ATM,10180.45,"{'latitude': -79.13379229236537, 'longitude': -7.942863918440253}"
15d2ec61-8e58-413c-b656-25edc0dabd32,pending,personal expense,ATM,881.0,"{'latitude': 28.91952707632042, 'longitude': 2.9814185329702525}"
4f1efb90-0bf4-49d6-8028-a5d30bcb8d19,pending,personal expense,ATM,275.11,"{'latitude': 68.03270772945353, 'longitude': -89.51186961925133}"
fa162223-3728-4d96-8cb7-70048057e5e1,completed,investment,Bank,368.12,"{'latitude': 71.7835495338262, 'longitude': -95.97004501228704}"
f9f6a53f-99aa-4e58-b1c1-75371758c0b3,pending,payment,ATM,3412.84,"{'latitude': 2.5866201748952875, 'longitude': 29.284867944023745}"
e127070c-c3eb-4d72-be55-000d3869ac5f,pending,investment,Bank,7786.09,"{'latitude': 32.3340172550071, 'longitude': 37.99936483413205}"
b613d136-f2f9-4900-b1c3-9bf19ddeb109,pending,investment,ATM,10041.08,"{'latitude': -53.934522709198, 'longitude': 63.294016617099004}"
1c760b9f-935d-4d89-86ba-e28bf30bf7b6,completed,investment,Bank,4996.68,"{'latitude': 36.031591128631035, 'longitude': -7.20960984238161}"
fb5c675e-7e6b-4a89-90cb-b435c16e9789,pending,personal expense,Bank,2842.95,"{'latitude': -59.98451553842985, 'longitude': -72.65912738148491}"
5b16a5e2-4a63-4200-a35a-d7db5bcc2e46,completed,payment,Bank,4836.82,"{'latitude': -72.42083502431612, 'longitude': 120.02536205443442}"
c26a66d0-ef3c-4a51-b162-09289fd2cb48,completed,personal expense,Bank,309.59,"{'latitude': -9.703954411818899, 'longitude': -147.68167963058875}"
dbe9af93-7203-403c-be1c-f2cc7074ee46,completed,investment,ATM,2626.48,"{'latitude': 81.94577258994906, 'longitude': -39.56596274833757}"
a0c6177f-6518-47b7-bb78-90faef68914f,completed,other,ATM,2928.67,"{'latitude': -53.619695946567745, 'longitude': 177.578537662236}"
a46cbd12-be17-4de8-88ad-0d5fbb303e65,completed,payment,ATM,2069.83,"{'latitude': -34.22006975677839, 'longitude': 107.40190670379252}"
6897c88c-ed59-4502-a371-5823c7a5a48f,completed,payment,Bank,111.11,"{'latitude': 19.999009948985133, 'longitude': 42.18008663286244}"
69441918-f8a9-4dad-a9c3-cc8f99482a9a,completed,investment,ATM,154.39,"{'latitude': -77.16016137745186, 'longitude': 62.39289237926994}"
ea422e9b-db72-4f6c-93a4-85245442b960,pending,personal expense,Bank,10981.05,"{'latitude': 50.1639004906763, 'longitude': 63.85103826386444}"
b107f216-650c-4c18-b30b-61d2e19afc7f,pending,other,ATM,8172.54,"{'latitude': 4.4737878043382295, 'longitude': -108.74461218683392}"
be449902-74c9-4095-8992-6769648fe896,completed,investment,Bank,4486.68,"{'latitude': -23.207403583250013, 'longitude': -43.74974967188652}"
956b69ec-f379-43e7-8686-b4164f1c19b4,completed,payment,Bank,528.56,"{'latitude': 3.4539211388474627, 'longitude': -54.195308559946085}"
